Policy_ID,Policy_Number,Customer_ID,State,Region,Product,Line_of_Business,Agent,Underwriter,Policy_Status,Risk_Level,Effective_Date,Expiration_Date,Written_Premium,Earned_Premium,Claim_Count,Claim_Amount,Paid_Claim_Amount,Outstanding_Reserve,Coverage_Type,Claim_Status,Claim_Type,Loss_Date,Reported_Date,Distribution_Channel,Loss_Ratio
POL00001,PN-205907,CUST00001,MD,South,Auto,Personal Auto,Kimberly Garcia,Paul Williams,Active,Low,2025-12-19,2026-06-17,1299.47,1005.7,1,4202.3,4061.1,0.0,Collision,Closed,Weather,2026-02-15,2026-02-16,Online,4.178482648901263
POL00002,PN-944151,CUST00002,MA,Northeast,Auto,Personal Auto,Kimberly Allen,Mark Miller,Active,Low,2025-10-20,2026-10-15,732.35,574.34,0,0.0,0.0,0.0,Personal Injury,No Claim,No Claim,,,Direct,0.0
POL00003,PN-711878,CUST00003,CT,Northeast,Commercial Property,Commercial Property,Ashley Brown,Donna Davis,Active,Low,2025-10-04,2026-09-29,8502.18,2901.73,0,0.0,0.0,0.0,Liability,No Claim,No Claim,,,Agent,0.0
POL00004,PN-654816,CUST00004,OH,Midwest,Commercial Property,Commercial Property,Thomas Brown,Brian Lee,Active,Medium,2025-10-18,2026-10-13,4160.29,2475.04,0,0.0,0.0,0.0,Liability,No Claim,No Claim,,,Agent,0.0
POL00005,PN-624902,CUST00005,OH,Midwest,Commercial Property,Commercial Property,Angela Allen,Donna Anderson,Active,High,2025-01-17,2026-01-12,11486.39,7405.62,1,23284.19,22696.26,0.0,Property,Closed,Fire,2025-06-23,2025-06-30,Agent,3.1441243272001533
POL00006,PN-160738,CUST00006,IL,Midwest,Commercial Property,Commercial Property,John Davis,Donna Davis,Pending,High,2024-05-08,2025-05-03,13407.48,221.39,0,0.0,0.0,0.0,Liability,No Claim,No Claim,,,Broker,0.0
POL00007,PN-322086,CUST00007,FL,South,Commercial Auto,Commercial Auto,Ryan Lee,Donna Anderson,Cancelled,Low,2025-06-13,2026-06-08,2670.5,942.29,0,0.0,0.0,0.0,Liability,No Claim,No Claim,,,Broker,0.0
POL00008,PN-717024,CUST00008,NY,Northeast,Commercial Auto,Commercial Auto,James Lewis,Edward White,Active,Low,2025-06-10,2026-06-05,3655.04,2377.61,0,0.0,0.0,0.0,Comprehensive,No Claim,No Claim,,,Agent,0.0
POL00009,PN-704201,CUST00009,FL,South,Home,Homeowners,David Clark,Nancy Martinez,Cancelled,Low,2025-02-24,2026-02-19,2142.39,1161.33,0,0.0,0.0,0.0,Property,No Claim,No Claim,,,Broker,0.0
POL00010,PN-522179,CUST00010,FL,South,Commercial Property,Commercial Property,Robert Perez,Nancy Martinez,Active,Low,2024-10-12,2025-10-07,4763.13,2800.89,0,0.0,0.0,0.0,Property,No Claim,No Claim,,,Broker,0.0
POL00011,PN-153045,CUST00011,OH,Midwest,Commercial Auto,Commercial Auto,John Davis,Edward White,Active,Low,2025-02-14,2025-08-13,2792.9,1546.64,0,0.0,0.0,0.0,Collision,No Claim,No Claim,,,Agent,0.0
POL00012,PN-399105,CUST00012,CA,West,Commercial Property,Commercial Property,Mark Rodriguez,Donna Davis,Active,Low,2025-08-16,2026-02-12,7685.91,5224.23,0,0.0,0.0,0.0,Property,No Claim,No Claim,,,Direct,0.0
POL00013,PN-159642,CUST00013,NY,Northeast,Commercial Auto,Commercial Auto,John Davis,Maria Lewis,Active,Medium,2025-08-06,2026-08-01,6091.85,2152.18,0,0.0,0.0,0.0,Comprehensive,No Claim,No Claim,,,Agent,0.0
POL00014,PN-648177,CUST00014,MA,Northeast,Auto,Personal Auto,Carlos Rodriguez,Mark Miller,Active,Low,2024-11-03,2025-10-29,1038.35,360.47,0,0.0,0.0,0.0,Liability,No Claim,No Claim,,,Online,0.0
POL00015,PN-176819,CUST00015,OH,Midwest,Auto,Personal Auto,Steven Thompson,Maria Lewis,Active,High,2025-07-10,2026-07-05,2441.06,1769.98,2,27571.95,1475.6,22598.58,Liability,Open,Theft,2025-11-26,2025-12-05,Agent,15.577548898857614
POL00016,PN-734210,CUST00016,VA,South,Auto,Personal Auto,Kimberly Garcia,Laura King,Active,Medium,2024-02-22,2024-08-20,1825.37,599.92,1,9024.16,8249.46,0.0,Collision,Closed,Theft,2024-02-24,2024-02-27,Direct,15.04227230297373
POL00017,PN-178898,CUST00017,CA,West,Commercial Property,Commercial Property,Mark Rodriguez,John Walker,Active,High,2024-05-10,2024-11-06,8600.12,7030.42,0,0.0,0.0,0.0,Liability,No Claim,No Claim,,,Agent,0.0
POL00018,PN-320281,CUST00018,TX,South,Auto,Personal Auto,George Wilson,Jennifer Robinson,Cancelled,High,2024-08-30,2025-08-25,3180.7,2159.22,2,41924.44,37313.63,0.0,Personal Injury,Closed,Theft,2025-08-24,2025-08-27,Direct,19.416474467631833
POL00019,PN-501124,CUST00019,GA,South,Home,Homeowners,Ryan Lee,Elizabeth Williams,Expired,Low,2024-08-16,2025-02-12,1911.59,1911.59,1,3956.45,3945.26,0.0,Liability,Closed,Weather,2024-12-31,2025-01-10,Direct,2.069716832584393
POL00020,PN-128941,CUST00014,PA,Northeast,Home,Homeowners,Susan Johnson,John Walker,Active,Low,2024-11-17,2025-11-12,1850.46,1018.45,0,0.0,0.0,0.0,Liability,No Claim,No Claim,,,Online,0.0
POL00021,PN-146542,CUST00020,NJ,Northeast,Home,Homeowners,Linda Williams,Nancy Martinez,Active,Low,2024-12-04,2025-11-29,1832.08,1621.45,0,0.0,0.0,0.0,Liability,No Claim,No Claim,,,Online,0.0
POL00022,PN-442027,CUST00021,MA,Northeast,Home,Homeowners,Ryan Lee,Jennifer Robinson,Active,Medium,2024-06-27,2025-06-22,1938.67,964.52,2,13850.25,13421.73,0.0,Liability,Closed,Weather,2024-09-21,2024-10-12,Online,14.359733338862855
POL00023,PN-188914,CUST00022,TX,South,Home,Homeowners,David Davis,Maria Lewis,Cancelled,High,2024-08-18,2025-08-13,1570.28,1162.58,0,0.0,0.0,0.0,Property,No Claim,No Claim,,,Online,0.0
POL00024,PN-577538,CUST00023,TX,South,Home,Homeowners,Carlos Rodriguez,Maria Harris,Active,Medium,2024-01-06,2024-07-04,2541.69,2090.98,0,0.0,0.0,0.0,Liability,No Claim,No Claim,,,Online,0.0
POL00025,PN-152657,CUST00024,GA,South,Auto,Personal Auto,Ashley Brown,Elizabeth Williams,Pending,Medium,2026-02-12,2027-02-07,1759.57,88.82,0,0.0,0.0,0.0,Personal Injury,No Claim,No Claim,,,Broker,0.0
POL00026,PN-266889,CUST00025,NC,South,Home,Homeowners,George Wilson,Edward White,Active,High,2025-05-11,2026-05-06,1927.56,936.26,1,4450.1,3884.58,0.0,Property,Closed,Fire,2025-08-28,2025-08-30,Online,4.753060047422725
POL00027,PN-535020,CUST00026,OH,Midwest,Home,Homeowners,James Lewis,Nancy Martinez,Active,High,2025-12-13,2026-06-11,3939.37,2155.81,1,13824.94,13409.92,0.0,Liability,Closed,Liability,2026-02-07,2026-02-22,Online,6.412874975067377
POL00028,PN-330080,CUST00027,NC,South,Auto,Personal Auto,David Davis,Maria Harris,Expired,Medium,2025-09-29,2026-03-28,2195.22,2195.22,0,0.0,0.0,0.0,Liability,No Claim,No Claim,,,Direct,0.0
POL00029,PN-773971,CUST00028,GA,South,Home,Homeowners,James Lewis,Laura King,Active,Low,2026-02-18,2027-02-13,1352.77,776.51,0,0.0,0.0,0.0,Liability,No Claim,No Claim,,,Agent,0.0
POL00030,PN-120324,CUST00029,NJ,Northeast,Commercial Property,Commercial Property,Steven Thompson,Edward White,Expired,Medium,2026-02-11,2026-08-10,11540.65,11540.65,1,8198.78,7237.02,0.0,Liability,Closed,Property Damage,2026-04-17,2026-04-28,Online,0.7104261891661215
POL00031,PN-275939,CUST00030,CA,West,Commercial Auto,Commercial Auto,George Wilson,Kevin Williams,Active,High,2024-11-15,2025-11-10,7354.14,2569.52,0,0.0,0.0,0.0,Comprehensive,No Claim,No Claim,,,Agent,0.0
POL00032,PN-354646,CUST00001,MA,Northeast,Commercial Auto,Commercial Auto,James Robinson,Brian Lee,Active,Medium,2025-06-29,2026-06-24,6647.47,4792.18,1,5485.52,5396.3,0.0,Liability,Closed,Weather,2026-02-19,2026-02-23,Agent,1.1446815436815814
POL00033,PN-556641,CUST00031,OH,Midwest,Commercial Property,Commercial Property,Susan Johnson,Donna Davis,Expired,Medium,2024-11-26,2025-11-21,10272.91,10272.91,0,0.0,0.0,0.0,Property,No Claim,No Claim,,,Broker,0.0
POL00034,PN-886931,CUST00032,IL,Midwest,Home,Homeowners,David Davis,Angela Thompson,Active,Medium,2024-12-29,2025-12-24,1798.62,1359.34,1,3275.59,3057.03,0.0,Property,Closed,Property Damage,2025-05-01,2025-05-16,Broker,2.409691467918255
POL00035,PN-777278,CUST00033,NC,South,Commercial Auto,Commercial Auto,John Davis,Donna Anderson,Cancelled,Low,2025-08-18,2026-08-13,4763.21,1930.54,0,0.0,0.0,0.0,Collision,No Claim,No Claim,,,Agent,0.0
POL00036,PN-468900,CUST00034,MA,Northeast,Auto,Personal Auto,Robert Perez,Brian Lee,Active,Medium,2026-02-19,2027-02-14,1076.25,516.3,0,0.0,0.0,0.0,Comprehensive,No Claim,No Claim,,,Online,0.0
POL00037,PN-205409,CUST00035,MA,Northeast,Auto,Personal Auto,Sandra Lewis,Donna Anderson,Active,Low,2024-02-25,2025-02-19,1395.46,1206.37,0,0.0,0.0,0.0,Liability,No Claim,No Claim,,,Agent,0.0
POL00038,PN-701949,CUST00036,NC,South,Home,Homeowners,Sandra Lewis,John Walker,Expired,Low,2024-03-07,2025-03-02,1663.01,1663.01,0,0.0,0.0,0.0,Property,No Claim,No Claim,,,Agent,0.0
POL00039,PN-256445,CUST00037,MA,Northeast,Auto,Personal Auto,Robert Perez,Brian Lee,Active,Medium,2025-09-25,2026-09-20,1919.27,1709.16,1,7039.24,3379.22,2670.97,Comprehensive,Open,Bodily Injury,2026-01-09,2026-01-29,Broker,4.1185377612394385
POL00040,PN-321275,CUST00038,NY,Northeast,Auto,Personal Auto,Sandra Lewis,Maria Lewis,Active,Low,2025-04-26,2026-04-21,615.03,297.53,0,0.0,0.0,0.0,Liability,No Claim,No Claim,,,Online,0.0
POL00041,PN-820775,CUST00039,MA,Northeast,Commercial Auto,Commercial Auto,Kimberly Garcia,Nancy Martinez,Active,Low,2024-09-29,2025-09-24,2384.86,1192.31,0,0.0,0.0,0.0,Comprehensive,No Claim,No Claim,,,Online,0.0
POL00042,PN-402630,CUST00040,NC,South,Commercial Auto,Commercial Auto,Carlos Rodriguez,Maria Harris,Active,High,2024-03-23,2024-09-19,12028.81,8328.91,1,20678.39,19943.61,0.0,Comprehensive,Closed,Collision,2024-05-06,2024-05-21,Broker,2.482724630233728
POL00043,PN-644173,CUST00041,MA,Northeast,Auto,Personal Auto,Kimberly Allen,Jennifer Robinson,Active,Medium,2024-12-22,2025-12-17,1294.26,1109.86,1,9856.01,9050.02,0.0,Personal Injury,Closed,Theft,2025-06-01,2025-06-09,Agent,8.880408339790606
POL00044,PN-438977,CUST00011,GA,South,Home,Homeowners,Thomas Brown,Elizabeth Williams,Active,Low,2026-02-13,2027-02-08,1959.62,847.17,0,0.0,0.0,0.0,Liability,No Claim,No Claim,,,Broker,0.0
POL00045,PN-559398,CUST00042,NC,South,Auto,Personal Auto,Kimberly Garcia,Edward White,Active,Medium,2025-02-21,2025-08-20,1148.38,429.21,0,0.0,0.0,0.0,Collision,No Claim,No Claim,,,Agent,0.0
POL00046,PN-622584,CUST00043,MA,Northeast,Home,Homeowners,Susan Johnson,Jennifer Robinson,Pending,High,2025-07-18,2026-07-13,2548.91,129.55,0,0.0,0.0,0.0,Property,No Claim,No Claim,,,Agent,0.0
POL00047,PN-389666,CUST00044,GA,South,Home,Homeowners,Linda Williams,Laura King,Active,High,2025-08-24,2026-08-19,3771.33,2318.7,2,45219.39,18965.14,18154.43,Liability,Reopened,Liability,2026-03-22,2026-03-23,Agent,19.50204424893259
POL00048,PN-433632,CUST00045,CA,West,Commercial Property,Commercial Property,James Lee,Maria Harris,Expired,High,2024-06-04,2025-05-30,15378.64,15378.64,0,0.0,0.0,0.0,Liability,No Claim,No Claim,,,Online,0.0
POL00049,PN-205239,CUST00046,NC,South,Auto,Personal Auto,Thomas Clark,Angela Thompson,Active,Medium,2024-06-07,2024-12-04,1585.14,824.38,0,0.0,0.0,0.0,Liability,No Claim,No Claim,,,Online,0.0
POL00050,PN-993140,CUST00047,TX,South,Commercial Auto,Commercial Auto,James Lee,Mark Miller,Expired,Medium,2025-07-08,2026-01-04,6548.93,6548.93,0,0.0,0.0,0.0,Collision,No Claim,No Claim,,,Broker,0.0
POL00051,PN-338536,CUST00048,MD,South,Commercial Property,Commercial Property,George Wilson,Brian Lee,Cancelled,Low,2024-02-17,2025-02-11,8354.83,3132.26,1,1297.9,1177.69,0.0,Property,Closed,Property Damage,2025-01-31,2025-02-07,Direct,0.41436534642718037
POL00052,PN-621841,CUST00049,PA,Northeast,Auto,Personal Auto,Kimberly Garcia,Laura King,Cancelled,Medium,2025-04-21,2026-04-16,1703.61,707.06,1,5753.61,5753.07,0.0,Comprehensive,Closed,Bodily Injury,2025-12-24,2025-12-27,Direct,8.137371651627868
POL00053,PN-348728,CUST00050,VA,South,Home,Homeowners,Carlos Rodriguez,Donna Anderson,Expired,Low,2024-01-09,2024-07-07,2484.22,2484.22,0,0.0,0.0,0.0,Liability,No Claim,No Claim,,,Broker,0.0
POL00054,PN-913423,CUST00051,IL,Midwest,Commercial Auto,Commercial Auto,Robert Perez,Nancy Martinez,Cancelled,Medium,2025-11-06,2026-11-01,7358.98,3957.69,1,2011.24,931.93,763.88,Comprehensive,Reopened,Bodily Injury,2025-12-27,2025-12-31,Online,0.5081853303315823
POL00055,PN-924718,CUST00052,VA,South,Home,Homeowners,Susan Johnson,Kevin Williams,Expired,Low,2024-10-29,2025-10-24,2189.4,2189.4,2,10699.59,10363.65,0.0,Liability,Closed,Property Damage,2024-11-05,2024-11-13,Broker,4.886996437380104
POL00056,PN-662636,CUST00005,TX,South,Commercial Auto,Commercial Auto,Susan Johnson,Maria Harris,Expired,High,2024-08-27,2025-08-22,3956.9,3956.9,2,23067.15,10405.48,8915.69,Comprehensive,Reopened,Liability,2024-11-06,2024-11-07,Agent,5.829601455685006
POL00057,PN-139019,CUST00053,NC,South,Auto,Personal Auto,Robert Perez,Linda Wright,Active,Low,2025-12-14,2026-12-09,1392.58,1219.23,0,0.0,0.0,0.0,Personal Injury,No Claim,No Claim,,,Direct,0.0
POL00058,PN-745558,CUST00054,MA,Northeast,Auto,Personal Auto,Steven Thompson,Nancy Martinez,Pending,Low,2024-04-11,2025-04-06,1387.76,49.78,0,0.0,0.0,0.0,Collision,No Claim,No Claim,,,Direct,0.0
POL00059,PN-228093,CUST00055,GA,South,Home,Homeowners,Paul Thomas,Nancy Martinez,Active,Medium,2026-03-16,2027-03-11,1393.36,929.34,2,13029.59,12616.51,0.0,Property,Closed,Property Damage,2026-05-31,2026-05-31,Agent,14.020261691092603
POL00060,PN-390743,CUST00056,PA,Northeast,Commercial Property,Commercial Property,Mark Rodriguez,Laura King,Active,Medium,2024-05-14,2024-11-10,6836.99,4667.99,1,6549.98,6035.39,0.0,Liability,Closed,Property Damage,2024-08-14,2024-08-30,Direct,1.4031692441500516
POL00061,PN-722503,CUST00056,CT,Northeast,Commercial Property,Commercial Property,James Lewis,Donna Anderson,Pending,Medium,2025-05-05,2026-04-30,6728.02,479.31,0,0.0,0.0,0.0,Property,No Claim,No Claim,,,Agent,0.0
POL00062,PN-437758,CUST00057,NY,Northeast,Auto,Personal Auto,James Robinson,Mark Miller,Active,Low,2025-06-01,2026-05-27,744.74,636.24,0,0.0,0.0,0.0,Collision,No Claim,No Claim,,,Agent,0.0
POL00063,PN-550961,CUST00058,CT,Northeast,Home,Homeowners,Kevin Brown,Elizabeth Williams,Cancelled,Low,2024-11-16,2025-11-11,1353.48,952.57,2,5361.55,5004.77,0.0,Liability,Closed,Fire,2025-09-12,2025-09-29,Agent,5.628510240717217
POL00064,PN-688967,CUST00059,NY,Northeast,Home,Homeowners,Angela Allen,Jennifer Robinson,Cancelled,High,2025-09-06,2026-09-01,2322.44,644.81,0,0.0,0.0,0.0,Property,No Claim,No Claim,,,Direct,0.0
POL00065,PN-988432,CUST00004,OH,Midwest,Auto,Personal Auto,George Wilson,Laura King,Expired,Medium,2026-02-24,2026-08-23,1736.95,1736.95,0,0.0,0.0,0.0,Liability,No Claim,No Claim,,,Direct,0.0
POL00066,PN-289179,CUST00060,FL,South,Auto,Personal Auto,David Davis,Paul Williams,Expired,Low,2025-02-14,2025-08-13,792.42,792.42,2,4936.15,4730.01,0.0,Personal Injury,Closed,Liability,2025-07-09,2025-07-28,Broker,6.229209257716867
POL00067,PN-189083,CUST00061,PA,Northeast,Auto,Personal Auto,James Robinson,John Walker,Active,Medium,2025-05-12,2026-05-07,1324.2,838.25,1,6559.74,5792.76,0.0,Personal Injury,Closed,Weather,2026-03-14,2026-03-15,Online,7.825517447062332
POL00068,PN-108060,CUST00062,CT,Northeast,Commercial Auto,Commercial Auto,George Wilson,Laura King,Active,Low,2025-03-16,2026-03-11,2853.55,1282.88,0,0.0,0.0,0.0,Comprehensive,No Claim,No Claim,,,Broker,0.0
POL00069,PN-945362,CUST00063,MD,South,Commercial Property,Commercial Property,James Lewis,Jennifer Robinson,Expired,Low,2025-08-12,2026-08-07,7169.02,7169.02,0,0.0,0.0,0.0,Property,No Claim,No Claim,,,Direct,0.0
POL00070,PN-524707,CUST00042,PA,Northeast,Commercial Auto,Commercial Auto,James Robinson,Elizabeth Williams,Expired,High,2024-04-18,2025-04-13,7345.76,7345.76,2,13729.07,11904.53,0.0,Liability,Closed,Bodily Injury,2025-01-04,2025-01-10,Agent,1.8689788394938032
POL00071,PN-913934,CUST00064,CA,West,Commercial Property,Commercial Property,Kimberly Garcia,Linda Wright,Active,Low,2025-09-08,2026-09-03,8573.8,3559.37,0,0.0,0.0,0.0,Liability,No Claim,No Claim,,,Agent,0.0
POL00072,PN-586490,CUST00065,FL,South,Home,Homeowners,Paul Thomas,Mark Miller,Cancelled,High,2024-03-10,2025-03-05,2479.32,780.5,1,11736.32,4880.53,4956.87,Liability,Open,Weather,2024-04-25,2024-05-14,Agent,15.036925048046124
POL00073,PN-722937,CUST00066,NC,South,Home,Homeowners,Linda Williams,John Walker,Expired,Low,2024-11-25,2025-11-20,1781.51,1781.51,0,0.0,0.0,0.0,Liability,No Claim,No Claim,,,Online,0.0
POL00074,PN-849014,CUST00042,NJ,Northeast,Auto,Personal Auto,Thomas Clark,Elizabeth Williams,Active,Medium,2024-10-16,2025-10-11,1343.15,924.93,0,0.0,0.0,0.0,Comprehensive,No Claim,No Claim,,,Broker,0.0
POL00075,PN-169113,CUST00067,OH,Midwest,Home,Homeowners,James Williams,Laura King,Cancelled,Medium,2024-06-02,2025-05-28,1154.15,807.96,1,7342.97,3339.52,2755.73,Property,Reopened,Liability,2024-11-17,2024-11-21,Direct,9.088284073468984
POL00076,PN-802667,CUST00068,CA,West,Commercial Property,Commercial Property,Jennifer Moore,Maria Lewis,Active,Medium,2025-01-06,2026-01-01,4631.54,4242.42,0,0.0,0.0,0.0,Property,No Claim,No Claim,,,Broker,0.0
POL00077,PN-244247,CUST00069,MA,Northeast,Commercial Auto,Commercial Auto,Jennifer Jones,John Walker,Expired,Medium,2025-09-03,2026-08-29,3489.97,3489.97,0,0.0,0.0,0.0,Comprehensive,No Claim,No Claim,,,Online,0.0
POL00078,PN-948343,CUST00070,CA,West,Home,Homeowners,David Clark,Paul Williams,Active,Medium,2024-10-18,2025-10-13,1400.01,1298.7,0,0.0,0.0,0.0,Property,No Claim,No Claim,,,Broker,0.0
POL00079,PN-485709,CUST00071,IL,Midwest,Commercial Property,Commercial Property,Thomas Clark,Donna Anderson,Active,Medium,2024-06-14,2025-06-09,10101.57,4672.0,0,0.0,0.0,0.0,Liability,No Claim,No Claim,,,Broker,0.0
POL00080,PN-681478,CUST00072,CA,West,Commercial Auto,Commercial Auto,Angela Allen,Brian Lee,Cancelled,Low,2025-06-09,2026-06-04,6277.77,4371.23,0,0.0,0.0,0.0,Collision,No Claim,No Claim,,,Agent,0.0
POL00081,PN-127965,CUST00073,MD,South,Home,Homeowners,Robert Perez,Maria Harris,Active,High,2024-04-11,2025-04-06,3378.69,1643.64,0,0.0,0.0,0.0,Property,No Claim,No Claim,,,Agent,0.0
POL00082,PN-895702,CUST00074,NC,South,Home,Homeowners,John Davis,Angela Thompson,Expired,Low,2026-01-14,2027-01-09,930.8,930.8,0,0.0,0.0,0.0,Property,No Claim,No Claim,,,Broker,0.0
POL00083,PN-350021,CUST00075,FL,South,Home,Homeowners,John Davis,Brian Lee,Active,High,2025-10-09,2026-10-04,3259.89,981.28,1,13468.33,13374.19,0.0,Property,Closed,Property Damage,2026-06-25,2026-06-30,Broker,13.725266998206424
POL00084,PN-681070,CUST00028,NJ,Northeast,Home,Homeowners,Steven Thompson,Laura King,Active,Medium,2024-09-03,2025-03-02,2745.74,1417.18,1,11779.42,10334.58,0.0,Liability,Closed,Property Damage,2024-10-07,2024-10-09,Agent,8.311872874299665
POL00085,PN-850827,CUST00076,NC,South,Auto,Personal Auto,Ryan Lee,John Walker,Expired,Medium,2024-11-13,2025-11-08,2308.65,2308.65,2,14084.88,12673.42,0.0,Comprehensive,Closed,Liability,2025-01-15,2025-01-26,Agent,6.100916119810278
POL00086,PN-558176,CUST00077,CA,West,Home,Homeowners,James Lee,Mark Miller,Active,High,2026-03-27,2027-03-22,3746.73,1316.24,0,0.0,0.0,0.0,Property,No Claim,No Claim,,,Broker,0.0
POL00087,PN-671971,CUST00078,NY,Northeast,Auto,Personal Auto,Paul Thomas,Donna Anderson,Active,Low,2025-12-07,2026-12-02,966.83,836.81,0,0.0,0.0,0.0,Personal Injury,No Claim,No Claim,,,Broker,0.0
POL00088,PN-387892,CUST00079,FL,South,Commercial Property,Commercial Property,John Davis,Maria Harris,Expired,Low,2024-02-01,2025-01-26,9299.97,9299.97,0,0.0,0.0,0.0,Property,No Claim,No Claim,,,Online,0.0
POL00089,PN-170499,CUST00080,TX,South,Auto,Personal Auto,James Lee,John Walker,Cancelled,Medium,2025-01-15,2026-01-10,1959.77,916.54,1,798.0,206.58,576.08,Liability,Open,Liability,2025-03-16,2025-03-24,Direct,0.8706657647238528
POL00090,PN-912609,CUST00081,NC,South,Auto,Personal Auto,James Robinson,Donna Anderson,Pending,Medium,2024-05-18,2024-11-14,1539.27,68.51,0,0.0,0.0,0.0,Comprehensive,No Claim,No Claim,,,Agent,0.0
POL00091,PN-800280,CUST00082,NY,Northeast,Home,Homeowners,James Williams,Donna Anderson,Cancelled,High,2025-10-15,2026-10-10,3598.5,801.81,1,9533.7,8772.06,0.0,Property,Closed,Liability,2025-12-20,2026-01-08,Direct,11.890223369626222
POL00092,PN-190403,CUST00012,CA,West,Commercial Auto,Commercial Auto,Jennifer Moore,Jennifer Robinson,Expired,Medium,2024-11-20,2025-05-19,5860.22,5860.22,2,16448.3,1021.12,11507.21,Liability,Open,Liability,2025-01-01,2025-01-06,Agent,2.806771759422001
POL00093,PN-438334,CUST00083,CT,Northeast,Auto,Personal Auto,Jennifer Moore,Donna Anderson,Active,High,2025-07-18,2026-07-13,1203.65,778.47,1,4943.06,4870.4,0.0,Collision,Closed,Weather,2026-01-06,2026-01-24,Online,6.349711613806569
POL00094,PN-143195,CUST00084,NJ,Northeast,Auto,Personal Auto,Kimberly Garcia,Laura King,Cancelled,Medium,2025-10-16,2026-04-14,1550.32,502.0,0,0.0,0.0,0.0,Personal Injury,No Claim,No Claim,,,Broker,0.0
POL00095,PN-356773,CUST00085,TX,South,Home,Homeowners,Thomas Clark,Maria Lewis,Active,Medium,2025-04-20,2026-04-15,1598.48,1374.64,3,13724.01,12625.69,0.0,Liability,Closed,Weather,2025-09-03,2025-09-17,Broker,9.983712099167782
POL00096,PN-359961,CUST00013,MA,Northeast,Commercial Property,Commercial Property,Angela Allen,Jennifer Robinson,Expired,Low,2024-12-01,2025-11-26,3784.09,3784.09,0,0.0,0.0,0.0,Liability,No Claim,No Claim,,,Agent,0.0
POL00097,PN-622987,CUST00086,NC,South,Auto,Personal Auto,James Lee,Elizabeth Williams,Active,High,2024-02-21,2025-02-15,2142.81,1554.11,1,4041.23,739.1,2710.97,Personal Injury,Open,Collision,2024-03-15,2024-03-27,Broker,2.6003500395724886
POL00098,PN-153642,CUST00087,CT,Northeast,Auto,Personal Auto,James Williams,Maria Lewis,Active,Low,2025-09-30,2026-03-29,710.06,385.26,0,0.0,0.0,0.0,Comprehensive,No Claim,No Claim,,,Broker,0.0
POL00099,PN-891638,CUST00074,OH,Midwest,Home,Homeowners,James Lewis,John Walker,Cancelled,Low,2025-06-15,2026-06-10,1095.7,256.25,0,0.0,0.0,0.0,Liability,No Claim,No Claim,,,Direct,0.0
POL00100,PN-270395,CUST00088,IL,Midwest,Commercial Auto,Commercial Auto,James Williams,Mark Miller,Active,Medium,2025-07-30,2026-07-25,5412.47,2789.08,1,10529.14,9892.51,0.0,Comprehensive,Closed,Bodily Injury,2025-12-12,2026-01-01,Broker,3.7751301504438737
POL00101,PN-920934,CUST00089,IL,Midwest,Home,Homeowners,Michael Miller,John Walker,Active,Medium,2025-09-26,2026-09-21,1307.59,419.11,0,0.0,0.0,0.0,Property,No Claim,No Claim,,,Online,0.0
POL00102,PN-300051,CUST00020,MD,South,Auto,Personal Auto,Carlos Rodriguez,Nancy Martinez,Expired,Low,2026-01-23,2026-07-22,1499.33,1499.33,0,0.0,0.0,0.0,Personal Injury,No Claim,No Claim,,,Direct,0.0
POL00103,PN-651002,CUST00090,PA,Northeast,Home,Homeowners,Mark Rodriguez,Mark Miller,Cancelled,Medium,2025-11-28,2026-11-23,2177.45,648.69,0,0.0,0.0,0.0,Property,No Claim,No Claim,,,Direct,0.0
POL00104,PN-412071,CUST00091,CA,West,Auto,Personal Auto,Carlos Rodriguez,Donna Davis,Active,Low,2026-03-25,2027-03-20,973.24,635.6,0,0.0,0.0,0.0,Personal Injury,No Claim,No Claim,,,Direct,0.0
POL00105,PN-958130,CUST00092,FL,South,Commercial Auto,Commercial Auto,James Williams,John Walker,Cancelled,Low,2025-03-28,2026-03-23,5967.85,3859.83,1,922.59,817.32,0.0,Liability,Closed,Bodily Injury,2025-04-22,2025-05-13,Agent,0.23902348030871828
POL00106,PN-656837,CUST00093,CT,Northeast,Auto,Personal Auto,David Clark,Mark Miller,Active,Medium,2024-01-06,2024-12-31,1471.65,1281.75,0,0.0,0.0,0.0,Collision,No Claim,No Claim,,,Online,0.0
POL00107,PN-892630,CUST00094,VA,South,Auto,Personal Auto,James Lewis,Maria Lewis,Active,Medium,2024-02-08,2025-02-02,1468.42,1331.93,2,22835.51,16861.09,3014.89,Collision,Reopened,Bodily Injury,2024-11-24,2024-12-13,Online,17.14467727282965
POL00108,PN-212512,CUST00095,VA,South,Auto,Personal Auto,Kimberly Garcia,Donna Davis,Active,High,2024-10-06,2025-10-01,2605.95,2020.2,0,0.0,0.0,0.0,Collision,No Claim,No Claim,,,Broker,0.0
POL00109,PN-114768,CUST00096,FL,South,Auto,Personal Auto,Paul Thomas,Nancy Martinez,Expired,Low,2025-03-13,2026-03-08,724.7,724.7,1,338.93,310.8,0.0,Collision,Closed,Theft,2025-07-27,2025-08-06,Direct,0.46768317924658476
POL00110,PN-416613,CUST00097,IL,Midwest,Auto,Personal Auto,Kimberly Garcia,Paul Williams,Active,Medium,2024-11-10,2025-11-05,1374.09,1211.71,0,0.0,0.0,0.0,Comprehensive,No Claim,No Claim,,,Agent,0.0
POL00111,PN-823821,CUST00068,VA,South,Home,Homeowners,Robert Perez,Linda Wright,Active,Medium,2025-01-17,2026-01-12,2657.42,2105.41,0,0.0,0.0,0.0,Property,No Claim,No Claim,,,Direct,0.0
POL00112,PN-898867,CUST00098,FL,South,Home,Homeowners,Linda Williams,Maria Lewis,Active,Medium,2025-07-31,2026-01-27,1089.42,684.77,0,0.0,0.0,0.0,Property,No Claim,No Claim,,,Broker,0.0
POL00113,PN-272529,CUST00099,OH,Midwest,Home,Homeowners,Paul Thomas,Nancy Martinez,Active,Medium,2025-04-01,2025-09-28,1948.94,1163.36,1,5053.41,4860.73,0.0,Property,Closed,Weather,2025-08-27,2025-08-29,Direct,4.3438058726447535
POL00114,PN-147489,CUST00100,CA,West,Auto,Personal Auto,James Lewis,Maria Lewis,Active,High,2024-07-03,2025-06-28,2786.32,2005.66,3,54479.2,51715.41,0.0,Personal Injury,Closed,Bodily Injury,2025-04-05,2025-04-09,Agent,27.162729475584094
POL00115,PN-785280,CUST00101,NY,Northeast,Auto,Personal Auto,Mark Rodriguez,Maria Harris,Cancelled,Medium,2024-01-04,2024-07-02,2262.65,1315.63,0,0.0,0.0,0.0,Personal Injury,No Claim,No Claim,,,Agent,0.0
POL00116,PN-963355,CUST00102,NC,South,Auto,Personal Auto,Susan Johnson,Nancy Martinez,Cancelled,High,2025-11-07,2026-11-02,2429.87,1660.63,1,11603.87,11381.45,0.0,Liability,Closed,Weather,2026-01-08,2026-01-09,Agent,6.98763120020715
POL00117,PN-521805,CUST00103,OH,Midwest,Auto,Personal Auto,Angela Allen,John Walker,Pending,Low,2026-01-19,2027-01-14,1389.33,113.7,0,0.0,0.0,0.0,Collision,No Claim,No Claim,,,Agent,0.0
POL00118,PN-792282,CUST00104,MD,South,Auto,Personal Auto,James Lewis,Kevin Williams,Active,Medium,2024-12-18,2025-12-13,1915.43,1092.97,1,3271.13,1402.56,1388.92,Personal Injury,Open,Weather,2025-08-12,2025-08-13,Broker,2.9928817808357047
POL00119,PN-689704,CUST00105,MD,South,Home,Homeowners,Ashley Brown,Maria Harris,Active,Low,2025-04-05,2026-03-31,963.47,408.33,1,1372.53,1315.77,0.0,Property,Closed,Fire,2026-01-16,2026-01-22,Online,3.3613253985746825
POL00120,PN-602681,CUST00106,VA,South,Auto,Personal Auto,Thomas Brown,Nancy Martinez,Pending,High,2026-02-11,2027-02-06,2991.11,210.5,0,0.0,0.0,0.0,Collision,No Claim,No Claim,,,Agent,0.0
POL00121,PN-678897,CUST00107,MA,Northeast,Auto,Personal Auto,Mark Rodriguez,Paul Williams,Active,Low,2025-04-22,2025-10-19,1676.19,1332.67,0,0.0,0.0,0.0,Collision,No Claim,No Claim,,,Direct,0.0
POL00122,PN-488712,CUST00108,NJ,Northeast,Home,Homeowners,Robert Perez,Linda Wright,Active,Low,2026-01-07,2027-01-02,1229.12,552.5,0,0.0,0.0,0.0,Property,No Claim,No Claim,,,Broker,0.0
POL00123,PN-623555,CUST00109,TX,South,Auto,Personal Auto,George Wilson,Donna Davis,Cancelled,High,2024-06-21,2025-06-16,1382.53,612.45,0,0.0,0.0,0.0,Liability,No Claim,No Claim,,,Broker,0.0
POL00124,PN-649395,CUST00086,NY,Northeast,Commercial Property,Commercial Property,Paul Thomas,John Walker,Active,Medium,2024-08-24,2025-02-20,9060.51,5696.58,1,680.92,620.8,0.0,Liability,Closed,Liability,2024-08-28,2024-09-13,Direct,0.11953136794357315
POL00125,PN-857273,CUST00110,MA,Northeast,Auto,Personal Auto,Kevin Brown,Jennifer Robinson,Expired,High,2024-04-08,2025-04-03,1514.51,1514.51,1,9827.85,9186.59,0.0,Liability,Closed,Bodily Injury,2025-03-30,2025-04-06,Agent,6.489128497005632
POL00126,PN-414546,CUST00111,GA,South,Auto,Personal Auto,Angela Allen,John Walker,Active,Low,2024-02-27,2024-08-25,1391.56,1182.08,0,0.0,0.0,0.0,Comprehensive,No Claim,No Claim,,,Broker,0.0
POL00127,PN-693343,CUST00112,NY,Northeast,Commercial Property,Commercial Property,James Lewis,Edward White,Expired,Low,2025-05-01,2026-04-26,2708.27,2708.27,0,0.0,0.0,0.0,Property,No Claim,No Claim,,,Direct,0.0
POL00128,PN-288066,CUST00113,VA,South,Auto,Personal Auto,Ryan Lee,Linda Wright,Cancelled,Medium,2024-03-19,2025-03-14,949.71,618.06,2,11298.94,7480.82,2865.1,Personal Injury,Reopened,Theft,2024-09-12,2024-09-13,Broker,18.281299550205485
POL00129,PN-202430,CUST00114,GA,South,Auto,Personal Auto,James Robinson,Maria Harris,Active,High,2026-03-13,2027-03-08,1963.89,1790.56,1,19486.45,2401.22,12336.42,Liability,Open,Bodily Injury,2026-04-16,2026-04-20,Online,10.882880216245198
POL00130,PN-498458,CUST00115,TX,South,Auto,Personal Auto,James Lee,Mark Miller,Active,Low,2025-03-31,2026-03-26,1466.07,523.01,0,0.0,0.0,0.0,Personal Injury,No Claim,No Claim,,,Direct,0.0
POL00131,PN-208310,CUST00049,OH,Midwest,Auto,Personal Auto,James Robinson,Mark Miller,Active,High,2026-03-08,2026-09-04,2526.01,2387.77,1,4159.93,3843.64,0.0,Collision,Closed,Bodily Injury,2026-03-16,2026-03-21,Broker,1.7421820359582374
POL00132,PN-555791,CUST00116,MA,Northeast,Home,Homeowners,John Davis,Paul Williams,Active,Low,2025-08-31,2026-08-26,1490.0,453.55,0,0.0,0.0,0.0,Liability,No Claim,No Claim,,,Online,0.0
POL00133,PN-943135,CUST00117,NC,South,Auto,Personal Auto,Kevin Brown,Linda Wright,Active,Low,2025-05-05,2026-04-30,808.11,410.07,0,0.0,0.0,0.0,Personal Injury,No Claim,No Claim,,,Online,0.0
POL00134,PN-703853,CUST00118,VA,South,Auto,Personal Auto,Kevin Brown,Maria Harris,Expired,Low,2025-07-12,2026-07-07,1475.92,1475.92,0,0.0,0.0,0.0,Personal Injury,No Claim,No Claim,,,Agent,0.0
POL00135,PN-842776,CUST00119,FL,South,Auto,Personal Auto,Carlos Rodriguez,Maria Lewis,Expired,High,2025-05-26,2026-05-21,2214.66,2214.66,0,0.0,0.0,0.0,Personal Injury,No Claim,No Claim,,,Broker,0.0
POL00136,PN-927406,CUST00120,NC,South,Commercial Property,Commercial Property,Nancy Thomas,Maria Harris,Expired,Medium,2025-03-04,2025-08-31,10383.57,10383.57,0,0.0,0.0,0.0,Property,No Claim,No Claim,,,Direct,0.0
POL00137,PN-214682,CUST00121,TX,South,Home,Homeowners,Sandra Lewis,John Walker,Cancelled,Medium,2026-02-09,2027-02-04,3040.2,475.27,1,4802.38,4571.55,0.0,Liability,Closed,Property Damage,2026-06-17,2026-06-21,Online,10.104530056599407
POL00138,PN-461724,CUST00122,NC,South,Auto,Personal Auto,David Clark,Maria Lewis,Expired,Low,2024-11-15,2025-11-10,1120.41,1120.41,0,0.0,0.0,0.0,Personal Injury,No Claim,No Claim,,,Agent,0.0
POL00139,PN-202365,CUST00123,CA,West,Home,Homeowners,John Davis,Donna Anderson,Cancelled,Low,2024-12-17,2025-06-15,1867.7,1382.73,1,3491.14,1452.06,1432.5,Liability,Reopened,Property Damage,2025-02-02,2025-02-07,Agent,2.5248168478300173
POL00140,PN-771590,CUST00124,MD,South,Auto,Personal Auto,James Robinson,Nancy Martinez,Active,Low,2024-08-07,2025-08-02,980.86,801.76,0,0.0,0.0,0.0,Collision,No Claim,No Claim,,,Agent,0.0
POL00141,PN-483561,CUST00125,NC,South,Auto,Personal Auto,Paul Thomas,Donna Davis,Cancelled,Medium,2025-09-17,2026-09-12,1619.15,1064.28,0,0.0,0.0,0.0,Comprehensive,No Claim,No Claim,,,Broker,0.0
POL00142,PN-744333,CUST00126,TX,South,Auto,Personal Auto,Jennifer Jones,Edward White,Active,Low,2025-06-07,2026-06-02,1062.88,583.96,1,3090.96,486.18,2175.77,Collision,Open,Liability,2025-07-04,2025-07-15,Online,5.293102267278581
POL00143,PN-110048,CUST00127,CT,Northeast,Commercial Auto,Commercial Auto,Mark Rodriguez,Donna Davis,Active,Low,2025-03-30,2026-03-25,3080.98,2518.15,1,1945.42,1818.67,0.0,Comprehensive,Closed,Liability,2025-12-08,2025-12-25,Online,0.7725592200623473
POL00144,PN-635618,CUST00089,MA,Northeast,Commercial Auto,Commercial Auto,Kevin Brown,Paul Williams,Cancelled,Medium,2025-03-27,2026-03-22,8783.51,5692.09,0,0.0,0.0,0.0,Collision,No Claim,No Claim,,,Online,0.0
POL00145,PN-133796,CUST00128,VA,South,Commercial Property,Commercial Property,John Davis,Elizabeth Williams,Active,High,2024-08-02,2025-07-28,15314.71,8856.63,0,0.0,0.0,0.0,Property,No Claim,No Claim,,,Direct,0.0
POL00146,PN-953047,CUST00129,NJ,Northeast,Home,Homeowners,Mark Rodriguez,Laura King,Active,Medium,2024-10-26,2025-10-21,2367.7,1502.0,0,0.0,0.0,0.0,Property,No Claim,No Claim,,,Direct,0.0
POL00147,PN-242175,CUST00130,FL,South,Home,Homeowners,James Lewis,Laura King,Active,High,2024-09-12,2025-09-07,3527.65,2804.33,0,0.0,0.0,0.0,Liability,No Claim,No Claim,,,Direct,0.0
POL00148,PN-249077,CUST00131,MA,Northeast,Home,Homeowners,James Lee,Elizabeth Williams,Expired,Low,2025-02-16,2026-02-11,2126.09,2126.09,0,0.0,0.0,0.0,Liability,No Claim,No Claim,,,Online,0.0
POL00149,PN-443187,CUST00132,GA,South,Commercial Auto,Commercial Auto,Michael Miller,Maria Lewis,Active,Medium,2025-01-01,2025-06-30,7923.67,7363.34,0,0.0,0.0,0.0,Collision,No Claim,No Claim,,,Online,0.0
POL00150,PN-381581,CUST00133,MA,Northeast,Auto,Personal Auto,Kimberly Allen,Linda Wright,Active,Medium,2025-11-29,2026-05-28,823.66,695.05,3,23075.79,17415.38,5326.86,Personal Injury,Reopened,Liability,2026-02-14,2026-02-19,Agent,33.20018703690382
POL00151,PN-387330,CUST00053,MA,Northeast,Auto,Personal Auto,Paul Thomas,Kevin Williams,Cancelled,Low,2026-02-12,2027-02-07,1067.56,221.1,1,3260.83,2775.65,0.0,Collision,Closed,Weather,2026-05-10,2026-05-13,Online,14.748213478064224
POL00152,PN-542828,CUST00134,NC,South,Auto,Personal Auto,James Lee,Maria Lewis,Active,Medium,2024-11-02,2025-10-28,1404.86,1220.01,0,0.0,0.0,0.0,Collision,No Claim,No Claim,,,Agent,0.0
POL00153,PN-171734,CUST00135,NJ,Northeast,Home,Homeowners,Sandra Lewis,Elizabeth Williams,Active,Low,2025-02-25,2026-02-20,2147.93,784.64,0,0.0,0.0,0.0,Liability,No Claim,No Claim,,,Online,0.0
POL00154,PN-468611,CUST00136,VA,South,Commercial Auto,Commercial Auto,Robert Perez,Laura King,Active,Medium,2026-01-08,2027-01-03,8183.49,6965.21,0,0.0,0.0,0.0,Collision,No Claim,No Claim,,,Online,0.0
POL00155,PN-315425,CUST00137,OH,Midwest,Auto,Personal Auto,James Lee,Donna Anderson,Expired,Medium,2024-09-02,2025-08-28,1287.14,1287.14,0,0.0,0.0,0.0,Liability,No Claim,No Claim,,,Online,0.0
POL00156,PN-653948,CUST00138,NJ,Northeast,Commercial Property,Commercial Property,David Davis,Linda Wright,Expired,Low,2025-07-13,2026-07-08,8994.54,8994.54,0,0.0,0.0,0.0,Property,No Claim,No Claim,,,Broker,0.0
POL00157,PN-715895,CUST00020,CT,Northeast,Auto,Personal Auto,James Lewis,Maria Harris,Cancelled,Medium,2025-03-01,2026-02-24,1717.4,810.51,0,0.0,0.0,0.0,Comprehensive,No Claim,No Claim,,,Broker,0.0
POL00158,PN-187657,CUST00139,OH,Midwest,Commercial Property,Commercial Property,Linda Williams,Linda Wright,Active,Medium,2025-10-27,2026-04-25,6020.28,5537.02,1,5713.78,5121.8,0.0,Property,Closed,Liability,2026-04-13,2026-04-18,Online,1.031923308927907
POL00159,PN-225245,CUST00026,CA,West,Auto,Personal Auto,Nancy Thomas,Paul Williams,Expired,Medium,2024-06-19,2025-06-14,976.97,976.97,2,13409.52,4775.96,7537.06,Comprehensive,Open,Collision,2024-07-28,2024-08-12,Online,13.725621052847067
POL00160,PN-577309,CUST00140,NJ,Northeast,Home,Homeowners,Kimberly Allen,Kevin Williams,Active,Low,2025-08-10,2026-02-06,1174.36,385.92,0,0.0,0.0,0.0,Property,No Claim,No Claim,,,Agent,0.0
POL00161,PN-148215,CUST00141,MD,South,Commercial Property,Commercial Property,Sandra Lewis,John Walker,Expired,Medium,2025-03-05,2026-02-28,6108.08,6108.08,0,0.0,0.0,0.0,Liability,No Claim,No Claim,,,Online,0.0
POL00162,PN-966120,CUST00080,NY,Northeast,Home,Homeowners,James Lewis,Kevin Williams,Active,Low,2025-02-14,2025-08-13,2466.91,1980.42,0,0.0,0.0,0.0,Property,No Claim,No Claim,,,Agent,0.0
POL00163,PN-679958,CUST00142,VA,South,Auto,Personal Auto,Kimberly Allen,Donna Anderson,Active,Medium,2025-05-20,2026-05-15,1902.7,1555.23,3,23015.9,3855.36,17774.83,Collision,Open,Collision,2025-11-28,2025-12-07,Broker,14.799032940465398
POL00164,PN-208998,CUST00143,CT,Northeast,Home,Homeowners,James Lewis,Linda Wright,Active,Medium,2025-06-16,2026-06-11,2439.56,2277.23,1,1360.55,1245.24,0.0,Liability,Closed,Property Damage,2025-08-21,2025-08-28,Direct,0.5974583155851626
POL00165,PN-405844,CUST00144,VA,South,Commercial Property,Commercial Property,James Lee,Mark Miller,Active,Low,2024-07-26,2025-07-21,8631.94,3461.55,1,3354.77,1354.72,1308.34,Property,Reopened,Liability,2024-12-08,2024-12-11,Agent,0.9691525472692868
POL00166,PN-194813,CUST00145,TX,South,Auto,Personal Auto,Carlos Rodriguez,John Walker,Expired,Low,2025-12-29,2026-12-24,1799.34,1799.34,1,5726.95,5345.5,0.0,Liability,Closed,Liability,2026-05-18,2026-05-25,Agent,3.1828059177253882
POL00167,PN-199326,CUST00146,FL,South,Commercial Auto,Commercial Auto,Jennifer Jones,Angela Thompson,Expired,Low,2024-07-21,2025-07-16,4268.8,4268.8,0,0.0,0.0,0.0,Comprehensive,No Claim,No Claim,,,Agent,0.0
POL00168,PN-714590,CUST00147,GA,South,Auto,Personal Auto,John Davis,Nancy Martinez,Active,High,2024-12-05,2025-06-03,1062.99,434.97,2,18847.22,2023.4,12721.25,Personal Injury,Open,Bodily Injury,2025-02-14,2025-02-28,Agent,43.32993079982528
POL00169,PN-255851,CUST00050,TX,South,Auto,Personal Auto,David Clark,Donna Davis,Active,Low,2024-07-23,2025-07-18,1466.86,1197.91,0,0.0,0.0,0.0,Comprehensive,No Claim,No Claim,,,Agent,0.0
POL00170,PN-602985,CUST00148,NC,South,Auto,Personal Auto,Kimberly Allen,Mark Miller,Active,Low,2024-08-12,2025-02-08,1814.52,613.46,0,0.0,0.0,0.0,Comprehensive,No Claim,No Claim,,,Agent,0.0
POL00171,PN-904092,CUST00149,CT,Northeast,Commercial Property,Commercial Property,Jennifer Jones,Edward White,Active,Medium,2026-01-24,2026-07-23,11113.28,7492.57,0,0.0,0.0,0.0,Liability,No Claim,No Claim,,,Direct,0.0
POL00172,PN-472039,CUST00150,GA,South,Auto,Personal Auto,Robert Perez,Mark Miller,Cancelled,High,2024-01-29,2025-01-23,3000.1,1463.64,3,8926.46,7614.17,0.0,Comprehensive,Closed,Bodily Injury,2024-09-29,2024-09-29,Direct,6.098808450165341
POL00173,PN-447848,CUST00151,CT,Northeast,Commercial Auto,Commercial Auto,David Davis,Kevin Williams,Expired,High,2024-01-23,2025-01-17,9428.14,9428.14,0,0.0,0.0,0.0,Comprehensive,No Claim,No Claim,,,Agent,0.0
POL00174,PN-482614,CUST00152,VA,South,Commercial Auto,Commercial Auto,Paul Thomas,Maria Harris,Active,Medium,2024-06-10,2025-06-05,8621.13,6224.17,3,22871.26,20450.97,0.0,Liability,Closed,Bodily Injury,2024-09-08,2024-09-08,Agent,3.6745879370261414
POL00175,PN-836109,CUST00153,MD,South,Commercial Auto,Commercial Auto,George Wilson,John Walker,Active,Low,2025-09-18,2026-09-13,5300.59,3299.72,0,0.0,0.0,0.0,Liability,No Claim,No Claim,,,Direct,0.0
POL00176,PN-349556,CUST00154,VA,South,Auto,Personal Auto,John Davis,Mark Miller,Active,Low,2024-03-10,2025-03-05,864.4,260.04,0,0.0,0.0,0.0,Personal Injury,No Claim,No Claim,,,Agent,0.0
POL00177,PN-274418,CUST00155,NC,South,Commercial Property,Commercial Property,Steven Thompson,Maria Harris,Active,Low,2025-10-28,2026-10-23,3535.52,3004.29,0,0.0,0.0,0.0,Liability,No Claim,No Claim,,,Direct,0.0
POL00178,PN-373812,CUST00156,NY,Northeast,Auto,Personal Auto,James Lee,Kevin Williams,Active,Medium,2024-04-05,2025-03-31,1700.97,1044.02,3,6834.99,2382.67,4081.05,Personal Injury,Open,Liability,2025-01-06,2025-01-14,Direct,6.546799869734296
POL00179,PN-792687,CUST00157,CT,Northeast,Auto,Personal Auto,James Lee,Donna Davis,Active,Low,2024-10-28,2025-10-23,785.12,322.72,0,0.0,0.0,0.0,Liability,No Claim,No Claim,,,Broker,0.0
POL00180,PN-596574,CUST00158,MA,Northeast,Commercial Auto,Commercial Auto,Nancy Thomas,Donna Davis,Active,High,2025-01-31,2026-01-26,6745.85,2841.88,1,21057.31,18376.07,0.0,Liability,Closed,Bodily Injury,2026-01-22,2026-02-12,Online,7.409640801159796
POL00181,PN-201400,CUST00047,FL,South,Home,Homeowners,George Wilson,Edward White,Expired,Medium,2025-03-04,2026-02-27,2114.45,2114.45,1,1883.24,1649.59,0.0,Property,Closed,Fire,2025-05-28,2025-06-03,Direct,0.890652415521767
POL00182,PN-947732,CUST00159,NJ,Northeast,Home,Homeowners,Paul Thomas,Jennifer Robinson,Expired,Low,2025-09-01,2026-08-27,1384.29,1384.29,0,0.0,0.0,0.0,Property,No Claim,No Claim,,,Agent,0.0
POL00183,PN-506951,CUST00160,OH,Midwest,Auto,Personal Auto,Susan Johnson,Elizabeth Williams,Active,High,2025-08-24,2026-08-19,1148.11,767.27,3,25384.36,22886.04,0.0,Liability,Closed,Collision,2026-03-22,2026-03-30,Online,33.08399911374093
POL00184,PN-501650,CUST00161,IL,Midwest,Home,Homeowners,James Lewis,Kevin Williams,Active,Low,2025-12-11,2026-12-06,886.23,456.83,2,5374.43,4794.27,0.0,Liability,Closed,Weather,2026-04-15,2026-05-06,Online,11.76461703478318
POL00185,PN-202988,CUST00162,CT,Northeast,Auto,Personal Auto,Michael Miller,Elizabeth Williams,Active,Medium,2025-09-11,2026-03-10,983.39,821.7,0,0.0,0.0,0.0,Comprehensive,No Claim,No Claim,,,Online,0.0
POL00186,PN-960899,CUST00157,NY,Northeast,Auto,Personal Auto,Jennifer Moore,Maria Harris,Expired,Low,2024-01-30,2025-01-24,885.56,885.56,0,0.0,0.0,0.0,Collision,No Claim,No Claim,,,Direct,0.0
POL00187,PN-134677,CUST00163,VA,South,Commercial Auto,Commercial Auto,Susan Johnson,Paul Williams,Active,High,2024-05-06,2024-11-02,5691.41,3357.75,0,0.0,0.0,0.0,Collision,No Claim,No Claim,,,Online,0.0
POL00188,PN-715388,CUST00164,VA,South,Auto,Personal Auto,Susan Johnson,Maria Lewis,Active,Low,2025-08-08,2026-08-03,1727.62,1279.31,1,3002.35,260.0,2578.52,Liability,Open,Collision,2025-11-30,2025-12-08,Agent,2.346851036887072
POL00189,PN-737894,CUST00165,MA,Northeast,Commercial Auto,Commercial Auto,Carlos Rodriguez,Laura King,Active,Low,2024-09-15,2025-09-10,4836.86,4042.66,0,0.0,0.0,0.0,Liability,No Claim,No Claim,,,Agent,0.0
POL00190,PN-107704,CUST00166,TX,South,Commercial Property,Commercial Property,Kevin Brown,Paul Williams,Active,Medium,2025-12-01,2026-05-30,7500.67,3598.18,1,2224.19,2190.72,0.0,Property,Closed,Weather,2026-05-03,2026-05-15,Agent,0.6181430612142806
POL00191,PN-792616,CUST00167,PA,Northeast,Commercial Auto,Commercial Auto,Kimberly Garcia,Donna Davis,Active,High,2025-02-01,2025-07-31,9502.57,7891.02,2,17540.35,5767.4,10212.73,Comprehensive,Open,Weather,2025-04-17,2025-04-20,Broker,2.222824172286979
POL00192,PN-593649,CUST00154,CA,West,Commercial Auto,Commercial Auto,George Wilson,Kevin Williams,Expired,High,2024-08-15,2025-08-10,5861.06,5861.06,2,26993.82,724.47,23388.1,Collision,Open,Bodily Injury,2025-06-08,2025-06-27,Online,4.605620826266921
POL00193,PN-174675,CUST00168,CT,Northeast,Home,Homeowners,Angela Allen,Maria Harris,Active,Medium,2024-06-03,2025-05-29,3054.26,2876.12,0,0.0,0.0,0.0,Liability,No Claim,No Claim,,,Direct,0.0
POL00194,PN-250181,CUST00169,CA,West,Auto,Personal Auto,John Davis,Donna Davis,Pending,Low,2024-02-29,2024-08-27,1116.9,86.4,0,0.0,0.0,0.0,Collision,No Claim,No Claim,,,Agent,0.0
POL00195,PN-613358,CUST00170,FL,South,Auto,Personal Auto,James Robinson,Jennifer Robinson,Active,Medium,2025-01-27,2025-07-26,756.21,410.26,1,706.04,258.98,343.29,Collision,Open,Weather,2025-04-25,2025-05-04,Direct,1.7209574416223858
POL00196,PN-235193,CUST00147,IL,Midwest,Auto,Personal Auto,John Davis,John Walker,Active,Low,2025-09-02,2026-08-28,1182.23,457.48,0,0.0,0.0,0.0,Personal Injury,No Claim,No Claim,,,Online,0.0
POL00197,PN-476701,CUST00171,PA,Northeast,Commercial Property,Commercial Property,Linda Williams,Maria Harris,Active,Low,2024-08-04,2025-01-31,6687.17,3599.6,0,0.0,0.0,0.0,Property,No Claim,No Claim,,,Direct,0.0
POL00198,PN-493417,CUST00172,MA,Northeast,Commercial Auto,Commercial Auto,James Robinson,John Walker,Active,Medium,2024-01-21,2024-07-19,7234.9,3958.68,0,0.0,0.0,0.0,Collision,No Claim,No Claim,,,Agent,0.0
POL00199,PN-835962,CUST00173,CA,West,Commercial Auto,Commercial Auto,Thomas Brown,Donna Anderson,Active,Low,2025-09-29,2026-09-24,4722.13,2986.89,0,0.0,0.0,0.0,Collision,No Claim,No Claim,,,Broker,0.0
POL00200,PN-219550,CUST00174,NC,South,Auto,Personal Auto,Ryan Lee,Laura King,Pending,High,2025-02-23,2026-02-18,1326.93,120.8,0,0.0,0.0,0.0,Personal Injury,No Claim,No Claim,,,Broker,0.0
POL00201,PN-446663,CUST00175,NJ,Northeast,Home,Homeowners,Jennifer Jones,Donna Davis,Active,Low,2026-01-10,2026-07-09,2435.0,1453.42,0,0.0,0.0,0.0,Liability,No Claim,No Claim,,,Broker,0.0
POL00202,PN-586830,CUST00026,GA,South,Auto,Personal Auto,James Williams,Paul Williams,Active,High,2024-04-07,2024-10-04,942.44,679.2,2,25108.53,22030.99,0.0,Comprehensive,Closed,Weather,2024-07-18,2024-07-30,Online,36.967800353356886
POL00203,PN-578715,CUST00176,MD,South,Commercial Auto,Commercial Auto,Nancy Thomas,Jennifer Robinson,Expired,Medium,2025-12-13,2026-06-11,9837.94,9837.94,2,10886.02,9838.67,0.0,Comprehensive,Closed,Weather,2025-12-20,2026-01-10,Agent,1.1065344980758167
POL00204,PN-979269,CUST00177,PA,Northeast,Home,Homeowners,Nancy Thomas,Brian Lee,Active,High,2025-11-01,2026-10-27,1372.74,880.11,0,0.0,0.0,0.0,Property,No Claim,No Claim,,,Agent,0.0
POL00205,PN-802382,CUST00178,OH,Midwest,Home,Homeowners,Carlos Rodriguez,Brian Lee,Cancelled,Low,2025-11-10,2026-11-05,1084.16,742.91,0,0.0,0.0,0.0,Property,No Claim,No Claim,,,Broker,0.0
POL00206,PN-774652,CUST00179,OH,Midwest,Commercial Auto,Commercial Auto,Angela Allen,Donna Davis,Active,High,2024-09-03,2025-08-29,11441.37,5088.66,0,0.0,0.0,0.0,Collision,No Claim,No Claim,,,Broker,0.0
POL00207,PN-956794,CUST00180,NC,South,Home,Homeowners,Kimberly Allen,Elizabeth Williams,Active,Low,2025-05-24,2025-11-20,934.92,619.04,1,4031.2,3632.63,0.0,Property,Closed,Weather,2025-06-06,2025-06-13,Agent,6.512018609459809
POL00208,PN-985331,CUST00181,OH,Midwest,Commercial Auto,Commercial Auto,James Robinson,Donna Davis,Active,Medium,2024-04-09,2025-04-04,2578.81,1835.8,0,0.0,0.0,0.0,Comprehensive,No Claim,No Claim,,,Broker,0.0
POL00209,PN-647341,CUST00182,NY,Northeast,Auto,Personal Auto,Sandra Lewis,Donna Davis,Cancelled,Low,2024-04-19,2025-04-14,1305.15,924.22,0,0.0,0.0,0.0,Personal Injury,No Claim,No Claim,,,Online,0.0
POL00210,PN-964607,CUST00183,CA,West,Auto,Personal Auto,George Wilson,Jennifer Robinson,Cancelled,Low,2024-05-06,2025-05-01,1195.01,540.76,0,0.0,0.0,0.0,Liability,No Claim,No Claim,,,Online,0.0
POL00211,PN-656127,CUST00184,OH,Midwest,Commercial Property,Commercial Property,Kevin Brown,Donna Davis,Expired,High,2025-12-09,2026-12-04,12607.23,12607.23,1,10931.69,10427.49,0.0,Liability,Closed,Weather,2026-02-10,2026-02-18,Direct,0.8670968959874612
POL00212,PN-517196,CUST00185,MA,Northeast,Home,Homeowners,Ashley Brown,Linda Wright,Cancelled,Low,2024-11-02,2025-10-28,2177.55,1153.12,1,5550.79,1971.63,3552.51,Liability,Open,Weather,2025-02-01,2025-02-17,Online,4.813714097405301
POL00213,PN-668843,CUST00186,VA,South,Commercial Auto,Commercial Auto,George Wilson,Paul Williams,Active,Medium,2025-12-28,2026-12-23,7682.13,4970.62,0,0.0,0.0,0.0,Collision,No Claim,No Claim,,,Direct,0.0
POL00214,PN-947568,CUST00024,NJ,Northeast,Auto,Personal Auto,James Lewis,John Walker,Cancelled,Low,2024-10-20,2025-10-15,726.92,451.14,1,884.14,849.59,0.0,Personal Injury,Closed,Theft,2025-02-11,2025-03-03,Agent,1.9597907523163542
POL00215,PN-688534,CUST00187,OH,Midwest,Commercial Auto,Commercial Auto,Linda Williams,Donna Anderson,Active,Medium,2025-03-02,2026-02-25,8558.81,6704.85,2,19585.33,18865.89,0.0,Liability,Closed,Weather,2025-12-06,2025-12-25,Broker,2.9210690768622714
POL00216,PN-306012,CUST00188,CT,Northeast,Auto,Personal Auto,Sandra Lewis,Maria Lewis,Active,Low,2025-01-21,2025-07-20,1151.68,442.87,0,0.0,0.0,0.0,Comprehensive,No Claim,No Claim,,,Broker,0.0
POL00217,PN-105919,CUST00189,CA,West,Commercial Property,Commercial Property,James Lewis,Linda Wright,Active,High,2025-10-02,2026-09-27,10501.65,5594.81,0,0.0,0.0,0.0,Liability,No Claim,No Claim,,,Online,0.0
POL00218,PN-650916,CUST00190,PA,Northeast,Home,Homeowners,Linda Williams,Kevin Williams,Active,Low,2024-08-14,2025-08-09,1896.37,930.78,0,0.0,0.0,0.0,Liability,No Claim,No Claim,,,Agent,0.0
POL00219,PN-688602,CUST00191,TX,South,Auto,Personal Auto,Paul Thomas,Paul Williams,Expired,Low,2025-09-28,2026-09-23,1870.68,1870.68,0,0.0,0.0,0.0,Liability,No Claim,No Claim,,,Online,0.0
POL00220,PN-504620,CUST00192,CA,West,Auto,Personal Auto,Jennifer Moore,Paul Williams,Active,Medium,2024-10-30,2025-10-25,1156.66,419.14,0,0.0,0.0,0.0,Liability,No Claim,No Claim,,,Broker,0.0
POL00221,PN-757386,CUST00034,TX,South,Commercial Auto,Commercial Auto,Angela Allen,Jennifer Robinson,Active,High,2026-01-29,2027-01-24,10043.95,7889.31,1,2918.01,1158.76,1526.02,Liability,Open,Bodily Injury,2026-06-25,2026-06-30,Direct,0.3698688478460094
POL00222,PN-371212,CUST00193,NC,South,Home,Homeowners,David Clark,Mark Miller,Cancelled,Low,2025-10-18,2026-04-16,2143.35,1222.84,3,7596.06,6955.34,0.0,Liability,Closed,Fire,2026-01-27,2026-02-17,Broker,6.21181838997743
POL00223,PN-132316,CUST00194,OH,Midwest,Auto,Personal Auto,Michael Miller,Maria Harris,Expired,Medium,2025-10-11,2026-10-06,1279.01,1279.01,0,0.0,0.0,0.0,Comprehensive,No Claim,No Claim,,,Agent,0.0
POL00224,PN-111691,CUST00195,OH,Midwest,Auto,Personal Auto,James Lewis,Angela Thompson,Active,Medium,2024-03-28,2025-03-23,1107.01,854.46,2,5390.04,4738.65,0.0,Collision,Closed,Weather,2024-06-28,2024-07-19,Broker,6.308124429464223
POL00225,PN-938504,CUST00196,NJ,Northeast,Commercial Auto,Commercial Auto,Mark Rodriguez,Elizabeth Williams,Active,Medium,2024-09-13,2025-03-12,4023.6,3695.68,1,3779.08,365.62,2886.96,Liability,Open,Liability,2024-12-06,2024-12-25,Online,1.0225668889081305
POL00226,PN-791454,CUST00197,IL,Midwest,Auto,Personal Auto,Kimberly Allen,Paul Williams,Pending,High,2024-11-16,2025-11-11,2719.18,174.26,0,0.0,0.0,0.0,Comprehensive,No Claim,No Claim,,,Agent,0.0
POL00227,PN-240829,CUST00198,VA,South,Commercial Property,Commercial Property,Thomas Clark,Elizabeth Williams,Active,Low,2024-06-28,2024-12-25,9505.67,3716.73,0,0.0,0.0,0.0,Liability,No Claim,No Claim,,,Broker,0.0
POL00228,PN-869177,CUST00199,NY,Northeast,Commercial Auto,Commercial Auto,Thomas Brown,Angela Thompson,Active,High,2024-08-05,2025-02-01,8578.76,8142.73,2,25689.93,22957.8,0.0,Collision,Closed,Bodily Injury,2024-12-01,2024-12-17,Online,3.1549529457565217
POL00229,PN-635205,CUST00118,OH,Midwest,Auto,Personal Auto,Robert Perez,Kevin Williams,Active,Medium,2025-08-02,2026-07-28,1889.07,1007.28,1,4748.5,490.93,4139.71,Comprehensive,Open,Collision,2026-02-02,2026-02-14,Agent,4.714180764037805
POL00230,PN-592489,CUST00200,NJ,Northeast,Auto,Personal Auto,Kimberly Garcia,Mark Miller,Pending,Low,2024-10-07,2025-10-02,1347.72,50.76,0,0.0,0.0,0.0,Liability,No Claim,No Claim,,,Online,0.0
POL00231,PN-641760,CUST00201,CT,Northeast,Home,Homeowners,Steven Thompson,Paul Williams,Active,Medium,2025-05-28,2026-05-23,1832.25,1162.47,1,7423.23,7045.88,0.0,Liability,Closed,Property Damage,2025-12-26,2026-01-05,Online,6.385738986812562
POL00232,PN-855242,CUST00112,NC,South,Home,Homeowners,Kimberly Allen,Kevin Williams,Active,Medium,2024-05-10,2025-05-05,1244.58,1094.01,1,7392.61,6304.37,0.0,Liability,Closed,Property Damage,2025-04-13,2025-04-22,Agent,6.757351395325454
POL00233,PN-189913,CUST00202,IL,Midwest,Commercial Property,Commercial Property,Angela Allen,Donna Davis,Expired,Low,2026-03-24,2027-03-19,7330.22,7330.22,1,1609.94,1394.67,0.0,Property,Closed,Liability,2026-04-18,2026-05-04,Online,0.21963051586446244
POL00234,PN-628859,CUST00203,GA,South,Auto,Personal Auto,Jennifer Jones,Kevin Williams,Active,Medium,2026-03-13,2026-09-09,904.26,801.44,0,0.0,0.0,0.0,Liability,No Claim,No Claim,,,Agent,0.0
POL00235,PN-912510,CUST00204,MD,South,Home,Homeowners,Steven Thompson,John Walker,Active,Medium,2025-05-08,2026-05-03,1801.62,1603.64,0,0.0,0.0,0.0,Property,No Claim,No Claim,,,Direct,0.0
POL00236,PN-546157,CUST00135,FL,South,Auto,Personal Auto,Angela Allen,Maria Lewis,Expired,Low,2024-07-12,2025-01-08,1568.59,1568.59,0,0.0,0.0,0.0,Liability,No Claim,No Claim,,,Broker,0.0
POL00237,PN-645009,CUST00065,CT,Northeast,Commercial Auto,Commercial Auto,David Davis,Jennifer Robinson,Active,Low,2024-09-16,2025-09-11,6764.99,3637.32,1,3447.0,3022.36,0.0,Collision,Closed,Liability,2025-06-29,2025-07-16,Online,0.9476757612747847
POL00238,PN-607259,CUST00205,MA,Northeast,Home,Homeowners,George Wilson,Maria Harris,Expired,Medium,2026-02-04,2027-01-30,1991.28,1991.28,1,9709.82,9250.4,0.0,Liability,Closed,Liability,2026-02-17,2026-02-22,Online,4.876170101643164
POL00239,PN-508004,CUST00206,NJ,Northeast,Commercial Auto,Commercial Auto,Kevin Brown,Linda Wright,Active,Medium,2024-09-26,2025-09-21,5245.89,4044.17,0,0.0,0.0,0.0,Collision,No Claim,No Claim,,,Agent,0.0
POL00240,PN-743789,CUST00207,MA,Northeast,Commercial Auto,Commercial Auto,James Robinson,John Walker,Expired,High,2025-03-25,2025-09-21,5469.47,5469.47,0,0.0,0.0,0.0,Collision,No Claim,No Claim,,,Online,0.0
POL00241,PN-304206,CUST00165,OH,Midwest,Home,Homeowners,Robert Perez,Kevin Williams,Active,Medium,2024-06-10,2024-12-07,3283.62,1738.79,1,11070.54,10615.77,0.0,Property,Closed,Fire,2024-10-31,2024-11-18,Online,6.366806802431577
POL00242,PN-465004,CUST00208,GA,South,Auto,Personal Auto,James Robinson,Nancy Martinez,Active,Medium,2024-06-28,2025-06-23,1546.7,969.87,1,10575.3,9900.96,0.0,Comprehensive,Closed,Weather,2025-06-18,2025-07-02,Agent,10.903832472393207
POL00243,PN-495397,CUST00209,FL,South,Auto,Personal Auto,David Davis,Elizabeth Williams,Expired,Medium,2025-05-08,2025-11-04,1119.65,1119.65,0,0.0,0.0,0.0,Collision,No Claim,No Claim,,,Direct,0.0
POL00244,PN-809794,CUST00210,FL,South,Auto,Personal Auto,Steven Thompson,Angela Thompson,Active,Medium,2025-02-12,2026-02-07,913.74,557.16,2,19747.59,10851.29,5336.3,Collision,Reopened,Theft,2025-06-15,2025-06-23,Agent,35.44330174456171
POL00245,PN-316823,CUST00211,GA,South,Auto,Personal Auto,James Robinson,Paul Williams,Active,Low,2025-11-23,2026-11-18,1435.87,936.13,1,3106.34,2325.1,729.98,Comprehensive,Reopened,Weather,2026-03-28,2026-04-02,Direct,3.3182784442331728
POL00246,PN-901387,CUST00212,MA,Northeast,Auto,Personal Auto,George Wilson,Linda Wright,Expired,Low,2025-07-07,2026-01-03,1214.64,1214.64,0,0.0,0.0,0.0,Collision,No Claim,No Claim,,,Broker,0.0
POL00247,PN-579404,CUST00213,CA,West,Home,Homeowners,David Davis,Angela Thompson,Active,Low,2024-11-29,2025-11-24,1787.34,1173.51,1,1348.31,1230.82,0.0,Liability,Closed,Weather,2025-06-07,2025-06-18,Broker,1.148954844867108
POL00248,PN-995825,CUST00214,NC,South,Auto,Personal Auto,Ashley Brown,Edward White,Cancelled,High,2025-07-22,2026-07-17,2643.14,1665.24,0,0.0,0.0,0.0,Personal Injury,No Claim,No Claim,,,Direct,0.0
POL00249,PN-944804,CUST00199,NC,South,Auto,Personal Auto,Angela Allen,Mark Miller,Active,Medium,2025-08-04,2026-01-31,1404.02,476.0,0,0.0,0.0,0.0,Personal Injury,No Claim,No Claim,,,Broker,0.0
POL00250,PN-979725,CUST00215,NC,South,Commercial Auto,Commercial Auto,Susan Johnson,Paul Williams,Active,Low,2024-12-18,2025-06-16,4295.15,3185.85,0,0.0,0.0,0.0,Comprehensive,No Claim,No Claim,,,Direct,0.0
POL00251,PN-703869,CUST00216,OH,Midwest,Auto,Personal Auto,George Wilson,Donna Anderson,Cancelled,Low,2026-01-24,2027-01-19,1696.38,546.09,0,0.0,0.0,0.0,Collision,No Claim,No Claim,,,Broker,0.0
POL00252,PN-275715,CUST00217,VA,South,Home,Homeowners,James Robinson,Maria Harris,Active,High,2024-08-21,2025-08-16,2118.46,1003.85,0,0.0,0.0,0.0,Liability,No Claim,No Claim,,,Agent,0.0
POL00253,PN-566509,CUST00218,VA,South,Commercial Auto,Commercial Auto,Jennifer Moore,Elizabeth Williams,Active,Low,2026-01-15,2027-01-10,6190.18,4676.39,1,663.62,618.67,0.0,Liability,Closed,Collision,2026-01-21,2026-02-02,Agent,0.14190860899112348
POL00254,PN-649435,CUST00219,NY,Northeast,Auto,Personal Auto,James Robinson,Linda Wright,Expired,Low,2024-08-22,2025-08-17,1521.47,1521.47,1,500.38,494.02,0.0,Liability,Closed,Liability,2025-04-22,2025-05-06,Broker,0.3288793075118142
POL00255,PN-666843,CUST00220,OH,Midwest,Home,Homeowners,Carlos Rodriguez,Kevin Williams,Active,Medium,2025-07-31,2026-07-26,2146.09,1075.79,1,4040.48,3528.78,0.0,Liability,Closed,Fire,2025-08-05,2025-08-05,Online,3.755825951161472
POL00256,PN-648736,CUST00221,GA,South,Auto,Personal Auto,James Williams,Donna Davis,Cancelled,Medium,2026-02-12,2027-02-07,1258.23,791.15,0,0.0,0.0,0.0,Liability,No Claim,No Claim,,,Broker,0.0
POL00257,PN-674842,CUST00222,MD,South,Commercial Property,Commercial Property,David Clark,Maria Harris,Cancelled,Low,2025-01-22,2026-01-17,4505.04,1323.3,0,0.0,0.0,0.0,Liability,No Claim,No Claim,,,Online,0.0
POL00258,PN-398505,CUST00223,OH,Midwest,Commercial Auto,Commercial Auto,David Clark,Nancy Martinez,Active,High,2025-10-14,2026-10-09,8788.79,6194.25,1,1335.57,589.06,419.93,Comprehensive,Reopened,Collision,2026-05-26,2026-05-26,Agent,0.21561448117205473
POL00259,PN-344119,CUST00116,NC,South,Auto,Personal Auto,David Clark,Donna Anderson,Active,Medium,2025-12-14,2026-06-12,1324.13,1216.3,2,13388.98,2554.47,7625.16,Personal Injury,Open,Collision,2026-02-15,2026-02-27,Broker,11.00795856285456
POL00260,PN-908688,CUST00224,CT,Northeast,Commercial Auto,Commercial Auto,James Lewis,Nancy Martinez,Expired,Medium,2024-08-01,2025-07-27,5670.45,5670.45,0,0.0,0.0,0.0,Liability,No Claim,No Claim,,,Broker,0.0
POL00261,PN-759726,CUST00225,CA,West,Commercial Property,Commercial Property,Jennifer Moore,Brian Lee,Cancelled,Low,2024-02-23,2025-02-17,9573.28,3929.8,2,5149.02,2017.06,2638.93,Liability,Open,Fire,2024-12-24,2024-12-28,Agent,1.3102498854903557
POL00262,PN-489439,CUST00226,CT,Northeast,Auto,Personal Auto,John Davis,Mark Miller,Pending,High,2024-03-02,2025-02-25,2408.78,190.65,0,0.0,0.0,0.0,Collision,No Claim,No Claim,,,Online,0.0
POL00263,PN-432125,CUST00227,FL,South,Home,Homeowners,Steven Thompson,Elizabeth Williams,Active,Medium,2026-01-11,2027-01-06,1387.43,1053.49,0,0.0,0.0,0.0,Liability,No Claim,No Claim,,,Broker,0.0
POL00264,PN-298994,CUST00228,OH,Midwest,Auto,Personal Auto,Michael Miller,Elizabeth Williams,Expired,Low,2025-07-21,2026-07-16,645.13,645.13,0,0.0,0.0,0.0,Comprehensive,No Claim,No Claim,,,Direct,0.0
POL00265,PN-667915,CUST00229,NJ,Northeast,Commercial Auto,Commercial Auto,Jennifer Moore,Maria Harris,Expired,Medium,2025-01-07,2026-01-02,4477.42,4477.42,0,0.0,0.0,0.0,Collision,No Claim,No Claim,,,Online,0.0
POL00266,PN-299092,CUST00230,NC,South,Commercial Auto,Commercial Auto,Ashley Brown,Donna Anderson,Cancelled,Low,2025-06-19,2025-12-16,2532.66,651.36,1,481.36,437.21,0.0,Liability,Closed,Liability,2025-10-22,2025-11-07,Agent,0.7390076148366495
POL00267,PN-754280,CUST00231,MA,Northeast,Auto,Personal Auto,Robert Perez,Maria Lewis,Expired,Low,2024-03-22,2025-03-17,1502.69,1502.69,0,0.0,0.0,0.0,Personal Injury,No Claim,No Claim,,,Online,0.0
POL00268,PN-961957,CUST00232,CA,West,Auto,Personal Auto,James Robinson,Laura King,Cancelled,Medium,2024-03-20,2025-03-15,2103.02,1230.48,0,0.0,0.0,0.0,Collision,No Claim,No Claim,,,Direct,0.0
POL00269,PN-302500,CUST00233,CT,Northeast,Home,Homeowners,Sandra Lewis,Jennifer Robinson,Cancelled,Medium,2025-11-21,2026-11-16,2465.02,523.72,0,0.0,0.0,0.0,Liability,No Claim,No Claim,,,Broker,0.0
POL00270,PN-629208,CUST00234,PA,Northeast,Home,Homeowners,James Robinson,Elizabeth Williams,Expired,High,2024-11-28,2025-11-23,2524.99,2524.99,0,0.0,0.0,0.0,Liability,No Claim,No Claim,,,Broker,0.0
POL00271,PN-737967,CUST00235,OH,Midwest,Auto,Personal Auto,George Wilson,Laura King,Active,Low,2024-01-01,2024-06-29,1876.59,1194.35,0,0.0,0.0,0.0,Comprehensive,No Claim,No Claim,,,Direct,0.0
POL00272,PN-106887,CUST00236,CT,Northeast,Auto,Personal Auto,David Davis,Angela Thompson,Expired,Medium,2025-07-20,2026-07-15,877.9,877.9,1,3179.43,2746.35,0.0,Collision,Closed,Weather,2026-02-09,2026-02-27,Direct,3.6216311652807835
POL00273,PN-327999,CUST00237,CA,West,Auto,Personal Auto,Nancy Thomas,Kevin Williams,Expired,Medium,2024-04-07,2025-04-02,833.03,833.03,2,16112.11,5804.71,9124.06,Comprehensive,Reopened,Theft,2025-03-07,2025-03-26,Online,19.34157233232897
POL00274,PN-111989,CUST00238,TX,South,Auto,Personal Auto,James Williams,John Walker,Active,Low,2025-12-15,2026-12-10,812.28,770.28,0,0.0,0.0,0.0,Liability,No Claim,No Claim,,,Agent,0.0
POL00275,PN-332873,CUST00239,FL,South,Auto,Personal Auto,Ashley Brown,Mark Miller,Active,Low,2025-02-12,2026-02-07,703.68,565.05,1,3080.81,2709.31,0.0,Collision,Closed,Weather,2025-12-24,2026-01-09,Agent,5.452278559419521
POL00276,PN-358207,CUST00240,MA,Northeast,Commercial Auto,Commercial Auto,David Davis,Maria Lewis,Active,Low,2024-07-14,2025-07-09,4128.67,3304.15,1,1131.17,462.75,507.94,Comprehensive,Open,Weather,2025-01-21,2025-01-25,Broker,0.3423482590076117
POL00277,PN-894541,CUST00241,NY,Northeast,Auto,Personal Auto,James Lewis,Edward White,Expired,High,2024-10-21,2025-04-19,1783.68,1783.68,1,18708.31,5111.34,12578.65,Collision,Open,Theft,2025-03-10,2025-03-25,Direct,10.488602215644063
POL00278,PN-753306,CUST00242,PA,Northeast,Commercial Auto,Commercial Auto,Paul Thomas,Angela Thompson,Expired,Low,2024-09-18,2025-09-13,2339.44,2339.44,0,0.0,0.0,0.0,Collision,No Claim,No Claim,,,Broker,0.0
POL00279,PN-155663,CUST00243,NJ,Northeast,Auto,Personal Auto,Paul Thomas,Laura King,Expired,Medium,2024-04-20,2024-10-17,1269.03,1269.03,3,24334.87,2419.8,21696.74,Liability,Open,Weather,2024-09-10,2024-09-10,Broker,19.17596116719069
POL00280,PN-141683,CUST00244,OH,Midwest,Auto,Personal Auto,Nancy Thomas,Maria Harris,Active,Medium,2024-12-29,2025-12-24,1191.73,745.8,0,0.0,0.0,0.0,Comprehensive,No Claim,No Claim,,,Online,0.0
POL00281,PN-505977,CUST00245,GA,South,Commercial Property,Commercial Property,Mark Rodriguez,Laura King,Active,Low,2024-05-20,2024-11-16,8160.62,6044.54,0,0.0,0.0,0.0,Property,No Claim,No Claim,,,Broker,0.0
POL00282,PN-537605,CUST00246,PA,Northeast,Home,Homeowners,James Williams,Mark Miller,Active,Low,2025-08-17,2026-08-12,2234.29,1694.35,0,0.0,0.0,0.0,Property,No Claim,No Claim,,,Online,0.0
POL00283,PN-550955,CUST00247,FL,South,Auto,Personal Auto,Kimberly Allen,Kevin Williams,Active,Low,2024-05-01,2025-04-26,1060.68,819.48,0,0.0,0.0,0.0,Personal Injury,No Claim,No Claim,,,Direct,0.0
POL00284,PN-531228,CUST00248,CA,West,Commercial Property,Commercial Property,Kimberly Garcia,Laura King,Active,Low,2024-01-27,2025-01-21,7312.01,5027.99,1,1064.29,979.48,0.0,Liability,Closed,Fire,2024-12-24,2025-01-04,Agent,0.21167305424235133
POL00285,PN-292913,CUST00249,NC,South,Home,Homeowners,Sandra Lewis,Nancy Martinez,Active,Low,2024-10-03,2025-09-28,1194.12,515.67,1,4220.82,4149.65,0.0,Liability,Closed,Liability,2025-05-09,2025-05-21,Direct,8.18511838966781
POL00286,PN-913920,CUST00058,GA,South,Auto,Personal Auto,David Davis,Maria Harris,Cancelled,Medium,2025-06-21,2025-12-18,1542.98,997.08,3,17720.52,17621.09,0.0,Personal Injury,Closed,Weather,2025-08-08,2025-08-17,Broker,17.77241545312312
POL00287,PN-560905,CUST00250,MA,Northeast,Commercial Auto,Commercial Auto,James Williams,Elizabeth Williams,Active,Low,2025-12-07,2026-12-02,4795.82,1720.68,0,0.0,0.0,0.0,Liability,No Claim,No Claim,,,Direct,0.0
POL00288,PN-916558,CUST00251,CA,West,Home,Homeowners,James Lee,Jennifer Robinson,Active,Low,2025-12-30,2026-12-25,2186.89,1116.73,0,0.0,0.0,0.0,Property,No Claim,No Claim,,,Broker,0.0
POL00289,PN-853270,CUST00252,NY,Northeast,Auto,Personal Auto,Thomas Clark,Paul Williams,Cancelled,Low,2025-06-07,2026-06-02,1057.23,645.92,0,0.0,0.0,0.0,Collision,No Claim,No Claim,,,Online,0.0
POL00290,PN-269999,CUST00253,PA,Northeast,Commercial Auto,Commercial Auto,James Lewis,Jennifer Robinson,Cancelled,Low,2024-10-22,2025-10-17,2610.93,709.42,0,0.0,0.0,0.0,Collision,No Claim,No Claim,,,Direct,0.0
POL00291,PN-112800,CUST00254,GA,South,Home,Homeowners,Linda Williams,Angela Thompson,Active,Medium,2025-11-06,2026-11-01,1927.4,1331.43,2,3267.51,2795.38,0.0,Property,Closed,Weather,2026-06-12,2026-06-13,Agent,2.4541357788242717
POL00292,PN-799396,CUST00255,IL,Midwest,Auto,Personal Auto,John Davis,John Walker,Pending,Low,2024-10-18,2025-10-13,1899.91,68.43,0,0.0,0.0,0.0,Comprehensive,No Claim,No Claim,,,Agent,0.0
POL00293,PN-438503,CUST00256,MD,South,Commercial Auto,Commercial Auto,George Wilson,Jennifer Robinson,Active,High,2024-05-04,2025-04-29,6406.16,2795.64,1,18322.59,17740.44,0.0,Collision,Closed,Collision,2024-09-28,2024-10-11,Broker,6.553987637893291
POL00294,PN-738419,CUST00257,MA,Northeast,Home,Homeowners,James Robinson,Paul Williams,Active,High,2026-01-16,2027-01-11,2569.28,1788.51,0,0.0,0.0,0.0,Property,No Claim,No Claim,,,Broker,0.0
POL00295,PN-101657,CUST00061,TX,South,Commercial Auto,Commercial Auto,Michael Miller,Nancy Martinez,Pending,Medium,2024-12-07,2025-12-02,6591.74,7.45,0,0.0,0.0,0.0,Collision,No Claim,No Claim,,,Broker,0.0
POL00296,PN-366776,CUST00258,MA,Northeast,Auto,Personal Auto,Mark Rodriguez,Mark Miller,Active,Medium,2025-02-09,2025-08-08,1945.33,1637.94,0,0.0,0.0,0.0,Personal Injury,No Claim,No Claim,,,Agent,0.0
POL00297,PN-597549,CUST00259,TX,South,Auto,Personal Auto,Ashley Brown,Elizabeth Williams,Active,High,2026-03-13,2027-03-08,2720.34,1737.47,1,5839.95,5664.34,0.0,Liability,Closed,Weather,2026-06-22,2026-06-30,Agent,3.3611803369266804
POL00298,PN-169429,CUST00260,MA,Northeast,Commercial Auto,Commercial Auto,David Davis,Maria Harris,Expired,Medium,2025-02-02,2026-01-28,7077.28,7077.28,0,0.0,0.0,0.0,Comprehensive,No Claim,No Claim,,,Broker,0.0
POL00299,PN-999488,CUST00261,NJ,Northeast,Auto,Personal Auto,John Davis,Donna Davis,Active,High,2024-11-05,2025-10-31,1974.41,1072.58,1,13045.07,12859.09,0.0,Personal Injury,Closed,Collision,2025-01-22,2025-01-28,Direct,12.162328217941786
POL00300,PN-456637,CUST00262,CA,West,Commercial Property,Commercial Property,James Williams,Mark Miller,Expired,Low,2025-06-12,2026-06-07,3814.2,3814.2,0,0.0,0.0,0.0,Property,No Claim,No Claim,,,Direct,0.0
POL00301,PN-104309,CUST00263,NJ,Northeast,Commercial Auto,Commercial Auto,James Robinson,Maria Lewis,Expired,Low,2026-02-23,2027-02-18,2342.23,2342.23,0,0.0,0.0,0.0,Liability,No Claim,No Claim,,,Agent,0.0
POL00302,PN-436467,CUST00264,MA,Northeast,Auto,Personal Auto,David Davis,Elizabeth Williams,Active,Medium,2024-04-27,2024-10-24,2265.73,830.49,0,0.0,0.0,0.0,Comprehensive,No Claim,No Claim,,,Agent,0.0
POL00303,PN-384218,CUST00231,IL,Midwest,Auto,Personal Auto,John Davis,Donna Anderson,Active,Medium,2024-05-13,2024-11-09,1517.87,559.87,1,7587.63,7379.85,0.0,Personal Injury,Closed,Liability,2024-10-31,2024-11-17,Broker,13.552485398396056
POL00304,PN-182361,CUST00265,FL,South,Commercial Auto,Commercial Auto,Kimberly Allen,Linda Wright,Expired,Low,2024-04-09,2025-04-04,3928.64,3928.64,0,0.0,0.0,0.0,Collision,No Claim,No Claim,,,Online,0.0
POL00305,PN-342948,CUST00266,PA,Northeast,Commercial Property,Commercial Property,James Robinson,Laura King,Active,High,2025-11-12,2026-11-07,15003.68,8921.7,1,11962.05,4593.08,6494.51,Liability,Open,Weather,2025-12-14,2025-12-30,Online,1.3407814654157837
POL00306,PN-207932,CUST00267,CA,West,Commercial Auto,Commercial Auto,David Davis,Maria Lewis,Active,Medium,2025-02-27,2026-02-22,6915.12,6452.01,1,7022.93,6700.72,0.0,Collision,Closed,Weather,2025-05-26,2025-06-16,Broker,1.088487153615695
POL00307,PN-802131,CUST00244,NY,Northeast,Home,Homeowners,Thomas Clark,Mark Miller,Expired,Medium,2025-02-19,2025-08-18,2331.36,2331.36,0,0.0,0.0,0.0,Liability,No Claim,No Claim,,,Agent,0.0
POL00308,PN-443312,CUST00268,TX,South,Auto,Personal Auto,Ryan Lee,Linda Wright,Expired,High,2024-01-01,2024-12-26,2350.03,2350.03,1,5777.01,5170.19,0.0,Collision,Closed,Bodily Injury,2024-12-13,2024-12-22,Online,2.4582707454798447
POL00309,PN-555844,CUST00269,VA,South,Commercial Property,Commercial Property,Kimberly Allen,Angela Thompson,Active,Medium,2024-10-28,2025-04-26,6691.09,2238.39,0,0.0,0.0,0.0,Liability,No Claim,No Claim,,,Direct,0.0
POL00310,PN-215027,CUST00270,GA,South,Auto,Personal Auto,David Clark,Maria Harris,Cancelled,Medium,2025-03-21,2026-03-16,1771.27,465.73,3,16297.69,5283.62,8185.64,Collision,Open,Bodily Injury,2025-11-25,2025-12-16,Broker,34.9938591029137
POL00311,PN-557949,CUST00271,PA,Northeast,Auto,Personal Auto,Kimberly Garcia,Jennifer Robinson,Expired,High,2025-03-11,2026-03-06,1910.75,1910.75,0,0.0,0.0,0.0,Personal Injury,No Claim,No Claim,,,Online,0.0
POL00312,PN-472566,CUST00272,MD,South,Home,Homeowners,Kimberly Allen,Donna Davis,Active,High,2025-02-24,2026-02-19,1257.94,772.53,1,18470.49,18080.81,0.0,Property,Closed,Fire,2025-07-17,2025-07-31,Broker,23.909090909090914
POL00313,PN-642060,CUST00019,CT,Northeast,Home,Homeowners,Michael Miller,Maria Lewis,Active,Medium,2025-09-19,2026-03-18,2953.87,906.87,0,0.0,0.0,0.0,Liability,No Claim,No Claim,,,Broker,0.0
POL00314,PN-701846,CUST00273,MD,South,Auto,Personal Auto,Linda Williams,Donna Anderson,Active,Low,2026-02-06,2027-02-01,1537.4,522.6,0,0.0,0.0,0.0,Collision,No Claim,No Claim,,,Direct,0.0
POL00315,PN-700687,CUST00107,FL,South,Commercial Auto,Commercial Auto,Thomas Brown,Donna Anderson,Active,Medium,2026-03-13,2027-03-08,4425.76,2119.46,2,17078.41,14965.98,0.0,Comprehensive,Closed,Liability,2026-06-21,2026-06-28,Agent,8.057906259141479
POL00316,PN-608473,CUST00274,OH,Midwest,Commercial Property,Commercial Property,David Davis,Maria Lewis,Active,High,2025-05-22,2026-05-17,13323.55,7809.2,0,0.0,0.0,0.0,Property,No Claim,No Claim,,,Direct,0.0
POL00317,PN-705822,CUST00275,VA,South,Auto,Personal Auto,Susan Johnson,Brian Lee,Active,Low,2025-05-02,2026-04-27,1114.75,678.31,2,8443.45,8395.02,0.0,Comprehensive,Closed,Collision,2026-04-16,2026-04-17,Broker,12.447774616325871
POL00318,PN-202093,CUST00276,TX,South,Auto,Personal Auto,Angela Allen,Jennifer Robinson,Cancelled,Medium,2024-10-03,2025-09-28,1920.41,961.18,0,0.0,0.0,0.0,Collision,No Claim,No Claim,,,Agent,0.0
POL00319,PN-869983,CUST00277,FL,South,Auto,Personal Auto,David Davis,Kevin Williams,Active,Low,2024-03-10,2024-09-06,1123.87,837.93,0,0.0,0.0,0.0,Comprehensive,No Claim,No Claim,,,Agent,0.0
POL00320,PN-364132,CUST00278,NJ,Northeast,Home,Homeowners,James Lewis,Nancy Martinez,Cancelled,High,2024-05-02,2024-10-29,3554.23,1932.92,0,0.0,0.0,0.0,Property,No Claim,No Claim,,,Online,0.0
POL00321,PN-216229,CUST00279,MA,Northeast,Auto,Personal Auto,Paul Thomas,Maria Lewis,Expired,Medium,2025-03-13,2026-03-08,1191.52,1191.52,1,11953.52,4857.92,5345.67,Comprehensive,Open,Bodily Injury,2025-04-17,2025-05-02,Agent,10.03216060158453
POL00322,PN-310416,CUST00280,PA,Northeast,Home,Homeowners,Jennifer Jones,Linda Wright,Active,Medium,2024-04-18,2025-04-13,2362.35,820.67,0,0.0,0.0,0.0,Liability,No Claim,No Claim,,,Online,0.0
POL00323,PN-914992,CUST00281,NC,South,Auto,Personal Auto,Kimberly Garcia,Angela Thompson,Cancelled,High,2025-12-17,2026-12-12,2914.09,1338.24,0,0.0,0.0,0.0,Personal Injury,No Claim,No Claim,,,Agent,0.0
POL00324,PN-601365,CUST00282,GA,South,Commercial Auto,Commercial Auto,Linda Williams,Maria Lewis,Active,Medium,2026-03-09,2027-03-04,3471.72,3279.18,1,11965.68,10826.59,0.0,Comprehensive,Closed,Collision,2026-06-26,2026-06-30,Direct,3.6489854170859792
POL00325,PN-184365,CUST00283,FL,South,Commercial Auto,Commercial Auto,Kimberly Garcia,Nancy Martinez,Active,Low,2024-07-14,2025-07-09,6348.43,4506.76,0,0.0,0.0,0.0,Liability,No Claim,No Claim,,,Broker,0.0
POL00326,PN-763529,CUST00284,CT,Northeast,Auto,Personal Auto,Ryan Lee,Angela Thompson,Active,Medium,2024-03-05,2025-02-28,1635.23,1353.41,0,0.0,0.0,0.0,Liability,No Claim,No Claim,,,Broker,0.0
POL00327,PN-138842,CUST00285,VA,South,Commercial Auto,Commercial Auto,James Lewis,Maria Harris,Expired,Low,2025-04-14,2026-04-09,5953.61,5953.61,2,5879.58,5211.67,0.0,Comprehensive,Closed,Weather,2026-03-12,2026-03-16,Online,0.987565527469888
POL00328,PN-115063,CUST00286,NJ,Northeast,Commercial Property,Commercial Property,Kevin Brown,Brian Lee,Active,Medium,2024-04-18,2024-10-15,8223.67,3646.15,0,0.0,0.0,0.0,Liability,No Claim,No Claim,,,Broker,0.0
POL00329,PN-453729,CUST00287,CA,West,Home,Homeowners,David Davis,Brian Lee,Active,High,2026-03-23,2027-03-18,3559.06,1843.87,1,17650.36,16164.19,0.0,Property,Closed,Liability,2026-06-05,2026-06-06,Agent,9.572453589461297
POL00330,PN-239849,CUST00254,FL,South,Auto,Personal Auto,Nancy Thomas,Maria Lewis,Active,Low,2025-10-29,2026-10-24,1181.05,947.4,0,0.0,0.0,0.0,Collision,No Claim,No Claim,,,Agent,0.0
POL00331,PN-250038,CUST00288,OH,Midwest,Home,Homeowners,Robert Perez,Kevin Williams,Active,Medium,2025-05-26,2025-11-22,2433.21,1280.12,1,7617.59,7602.49,0.0,Property,Closed,Fire,2025-10-02,2025-10-09,Agent,5.950684310845859
POL00332,PN-586765,CUST00289,TX,South,Auto,Personal Auto,James Lewis,Nancy Martinez,Active,Low,2025-04-30,2026-04-25,842.13,276.24,0,0.0,0.0,0.0,Comprehensive,No Claim,No Claim,,,Direct,0.0
POL00333,PN-319770,CUST00290,VA,South,Home,Homeowners,George Wilson,Elizabeth Williams,Cancelled,Low,2024-06-29,2025-06-24,2161.92,474.84,0,0.0,0.0,0.0,Liability,No Claim,No Claim,,,Direct,0.0
POL00334,PN-721497,CUST00291,MD,South,Auto,Personal Auto,Paul Thomas,Mark Miller,Active,Low,2024-08-30,2025-08-25,1670.17,740.6,0,0.0,0.0,0.0,Personal Injury,No Claim,No Claim,,,Agent,0.0
POL00335,PN-156978,CUST00292,PA,Northeast,Auto,Personal Auto,James Robinson,Elizabeth Williams,Active,Low,2024-07-17,2025-07-12,1751.22,670.17,0,0.0,0.0,0.0,Liability,No Claim,No Claim,,,Broker,0.0
POL00336,PN-394234,CUST00092,NC,South,Home,Homeowners,George Wilson,Mark Miller,Active,Low,2026-03-24,2027-03-19,1812.11,814.19,0,0.0,0.0,0.0,Liability,No Claim,No Claim,,,Agent,0.0
POL00337,PN-326956,CUST00293,GA,South,Home,Homeowners,Thomas Brown,Jennifer Robinson,Active,Medium,2025-08-16,2026-08-11,2954.22,1172.32,0,0.0,0.0,0.0,Property,No Claim,No Claim,,,Agent,0.0
POL00338,PN-538065,CUST00294,NJ,Northeast,Commercial Property,Commercial Property,Michael Miller,John Walker,Active,Low,2025-12-14,2026-06-12,5761.6,3820.04,2,4005.57,1233.58,2313.28,Property,Reopened,Property Damage,2026-01-24,2026-02-07,Direct,1.0485675542664474
POL00339,PN-999596,CUST00295,IL,Midwest,Auto,Personal Auto,Thomas Clark,Elizabeth Williams,Expired,Medium,2026-03-19,2027-03-14,1778.41,1778.41,1,6605.58,2486.63,3745.84,Comprehensive,Open,Bodily Injury,2026-06-05,2026-06-22,Broker,3.714317845716117
POL00340,PN-703171,CUST00296,FL,South,Commercial Auto,Commercial Auto,James Robinson,Mark Miller,Active,Medium,2025-11-21,2026-11-16,8144.82,4378.93,0,0.0,0.0,0.0,Collision,No Claim,No Claim,,,Direct,0.0
POL00341,PN-484232,CUST00297,OH,Midwest,Commercial Auto,Commercial Auto,Mark Rodriguez,Nancy Martinez,Active,Low,2025-10-26,2026-10-21,6449.24,5586.56,0,0.0,0.0,0.0,Comprehensive,No Claim,No Claim,,,Broker,0.0
POL00342,PN-897846,CUST00298,VA,South,Commercial Property,Commercial Property,Jennifer Moore,Jennifer Robinson,Active,Low,2025-05-12,2025-11-08,6178.13,5167.98,0,0.0,0.0,0.0,Liability,No Claim,No Claim,,,Agent,0.0
POL00343,PN-751114,CUST00299,TX,South,Commercial Property,Commercial Property,Linda Williams,Maria Lewis,Expired,Low,2025-02-04,2026-01-30,5103.53,5103.53,1,1157.84,551.19,428.78,Liability,Open,Property Damage,2025-09-05,2025-09-26,Agent,0.22687042106150057
POL00344,PN-667735,CUST00300,NC,South,Auto,Personal Auto,Thomas Clark,Angela Thompson,Active,Low,2024-08-25,2025-08-20,1091.74,785.98,0,0.0,0.0,0.0,Personal Injury,No Claim,No Claim,,,Direct,0.0
POL00345,PN-580255,CUST00301,PA,Northeast,Commercial Property,Commercial Property,James Williams,Kevin Williams,Active,Medium,2024-10-22,2025-04-20,4394.77,4049.95,0,0.0,0.0,0.0,Property,No Claim,No Claim,,,Broker,0.0
POL00346,PN-846389,CUST00302,PA,Northeast,Commercial Property,Commercial Property,Kevin Brown,Linda Wright,Active,Low,2025-08-11,2026-08-06,5799.29,2513.13,0,0.0,0.0,0.0,Liability,No Claim,No Claim,,,Direct,0.0
POL00347,PN-460549,CUST00098,OH,Midwest,Commercial Property,Commercial Property,Mark Rodriguez,Donna Anderson,Active,Low,2026-02-25,2027-02-20,10471.43,4203.59,0,0.0,0.0,0.0,Liability,No Claim,No Claim,,,Direct,0.0
POL00348,PN-778684,CUST00303,NC,South,Commercial Property,Commercial Property,George Wilson,Linda Wright,Cancelled,Medium,2024-12-12,2025-06-10,10708.38,2502.06,0,0.0,0.0,0.0,Liability,No Claim,No Claim,,,Direct,0.0
POL00349,PN-126000,CUST00304,GA,South,Auto,Personal Auto,Steven Thompson,Maria Lewis,Active,Low,2025-06-23,2026-06-18,1659.13,708.81,2,3519.58,3489.7,0.0,Personal Injury,Closed,Collision,2026-05-30,2026-06-10,Agent,4.965477349360196
POL00350,PN-516869,CUST00121,VA,South,Auto,Personal Auto,Thomas Brown,Donna Anderson,Active,Low,2025-07-28,2026-01-24,923.99,722.55,0,0.0,0.0,0.0,Personal Injury,No Claim,No Claim,,,Broker,0.0
POL00351,PN-402654,CUST00305,CA,West,Commercial Property,Commercial Property,David Clark,Jennifer Robinson,Active,Low,2024-07-31,2025-07-26,6544.25,6160.2,3,6136.9,1417.99,4107.22,Property,Open,Liability,2024-10-09,2024-10-15,Agent,0.9962176552709328
POL00352,PN-295041,CUST00306,MA,Northeast,Home,Homeowners,James Lewis,Donna Anderson,Active,High,2025-04-19,2026-04-14,1232.32,580.1,0,0.0,0.0,0.0,Liability,No Claim,No Claim,,,Broker,0.0
POL00353,PN-230208,CUST00307,MA,Northeast,Home,Homeowners,Nancy Thomas,Edward White,Cancelled,Low,2024-03-09,2025-03-04,1821.11,1221.98,0,0.0,0.0,0.0,Liability,No Claim,No Claim,,,Broker,0.0
POL00354,PN-827968,CUST00308,VA,South,Home,Homeowners,Kimberly Allen,Angela Thompson,Active,High,2024-11-23,2025-11-18,3618.17,1469.52,1,7814.52,7739.87,0.0,Property,Closed,Weather,2025-08-13,2025-08-19,Agent,5.317736403723665
POL00355,PN-903673,CUST00309,FL,South,Auto,Personal Auto,George Wilson,Kevin Williams,Expired,Medium,2025-12-02,2026-11-27,1199.37,1199.37,1,648.32,587.35,0.0,Collision,Closed,Theft,2026-04-05,2026-04-18,Direct,0.5405504556558861
POL00356,PN-456844,CUST00310,PA,Northeast,Auto,Personal Auto,Ashley Brown,Edward White,Expired,High,2025-12-07,2026-06-05,1980.0,1980.0,1,9226.68,8035.07,0.0,Personal Injury,Closed,Collision,2026-03-30,2026-04-18,Broker,4.6599393939393945
POL00357,PN-648532,CUST00311,VA,South,Auto,Personal Auto,James Williams,Angela Thompson,Active,Medium,2025-12-11,2026-12-06,1762.64,769.21,0,0.0,0.0,0.0,Personal Injury,No Claim,No Claim,,,Agent,0.0
POL00358,PN-824375,CUST00312,NY,Northeast,Auto,Personal Auto,George Wilson,Donna Davis,Active,Medium,2026-03-23,2026-09-19,1570.14,515.21,1,11081.13,4993.02,4599.17,Liability,Open,Collision,2026-05-06,2026-05-06,Agent,21.507987034413148
POL00359,PN-195189,CUST00059,IL,Midwest,Auto,Personal Auto,Sandra Lewis,Edward White,Active,Medium,2026-02-20,2026-08-19,1622.06,1503.28,2,22214.16,20463.85,0.0,Liability,Closed,Collision,2026-04-08,2026-04-22,Direct,14.777127348198606
POL00360,PN-806242,CUST00313,PA,Northeast,Commercial Auto,Commercial Auto,James Lee,Jennifer Robinson,Active,Low,2024-11-17,2025-05-16,4713.94,2933.39,0,0.0,0.0,0.0,Collision,No Claim,No Claim,,,Agent,0.0
POL00361,PN-684195,CUST00314,NY,Northeast,Auto,Personal Auto,Jennifer Jones,Maria Harris,Active,Low,2025-03-30,2026-03-25,1257.64,1076.52,1,1321.99,721.57,331.78,Comprehensive,Reopened,Bodily Injury,2025-11-09,2025-11-25,Agent,1.2280217738639319
POL00362,PN-790537,CUST00315,NY,Northeast,Auto,Personal Auto,James Lee,Brian Lee,Expired,Medium,2025-01-07,2026-01-02,1287.62,1287.62,0,0.0,0.0,0.0,Liability,No Claim,No Claim,,,Agent,0.0
POL00363,PN-344181,CUST00316,CA,West,Home,Homeowners,George Wilson,Laura King,Expired,Medium,2024-12-30,2025-12-25,2588.96,2588.96,0,0.0,0.0,0.0,Liability,No Claim,No Claim,,,Direct,0.0
POL00364,PN-254532,CUST00317,NY,Northeast,Auto,Personal Auto,Nancy Thomas,Donna Davis,Expired,Low,2026-01-25,2026-07-24,1653.15,1653.15,1,1170.6,1011.93,0.0,Comprehensive,Closed,Weather,2026-02-13,2026-03-06,Agent,0.7081027130024498
POL00365,PN-888119,CUST00318,NC,South,Commercial Auto,Commercial Auto,Ryan Lee,Donna Anderson,Active,Medium,2024-12-17,2025-06-15,8442.39,4894.6,0,0.0,0.0,0.0,Collision,No Claim,No Claim,,,Agent,0.0
POL00366,PN-571980,CUST00319,MD,South,Home,Homeowners,James Lewis,John Walker,Cancelled,Low,2025-12-24,2026-12-19,1546.25,895.95,0,0.0,0.0,0.0,Property,No Claim,No Claim,,,Online,0.0
POL00367,PN-696487,CUST00320,TX,South,Home,Homeowners,Mark Rodriguez,Donna Davis,Expired,Medium,2025-02-04,2026-01-30,2189.17,2189.17,0,0.0,0.0,0.0,Liability,No Claim,No Claim,,,Broker,0.0
POL00368,PN-903702,CUST00321,VA,South,Auto,Personal Auto,Kimberly Allen,John Walker,Active,Low,2025-08-20,2026-02-16,1602.07,876.93,0,0.0,0.0,0.0,Comprehensive,No Claim,No Claim,,,Direct,0.0
POL00369,PN-531939,CUST00322,TX,South,Auto,Personal Auto,Robert Perez,Donna Anderson,Expired,Medium,2024-11-08,2025-05-07,1169.37,1169.37,1,3566.12,3345.73,0.0,Personal Injury,Closed,Bodily Injury,2025-01-28,2025-02-09,Agent,3.0496079085319447
POL00370,PN-698059,CUST00323,IL,Midwest,Auto,Personal Auto,Nancy Thomas,Brian Lee,Active,Medium,2026-02-22,2027-02-17,965.44,897.98,1,3804.59,1895.12,1566.93,Collision,Open,Collision,2026-04-20,2026-05-09,Broker,4.236831555268491
POL00371,PN-878974,CUST00324,CA,West,Commercial Auto,Commercial Auto,Jennifer Jones,Mark Miller,Active,Low,2025-03-13,2026-03-08,3770.01,3149.58,0,0.0,0.0,0.0,Collision,No Claim,No Claim,,,Broker,0.0
POL00372,PN-553939,CUST00325,VA,South,Auto,Personal Auto,James Lee,Laura King,Active,Medium,2024-07-03,2024-12-30,1728.33,728.06,0,0.0,0.0,0.0,Personal Injury,No Claim,No Claim,,,Online,0.0
POL00373,PN-380951,CUST00326,OH,Midwest,Commercial Auto,Commercial Auto,Angela Allen,Jennifer Robinson,Cancelled,High,2024-07-24,2025-07-19,7388.41,4417.24,0,0.0,0.0,0.0,Collision,No Claim,No Claim,,,Agent,0.0
POL00374,PN-530189,CUST00327,GA,South,Commercial Property,Commercial Property,Kimberly Garcia,Nancy Martinez,Active,High,2024-06-13,2025-06-08,12311.67,5601.98,1,12546.25,6411.25,5845.6,Liability,Reopened,Weather,2024-09-24,2024-09-29,Agent,2.239609923634144
POL00375,PN-385959,CUST00179,FL,South,Commercial Auto,Commercial Auto,Paul Thomas,Kevin Williams,Active,Medium,2026-03-12,2026-09-08,3193.1,1609.44,1,8224.23,7480.22,0.0,Collision,Closed,Weather,2026-06-27,2026-06-30,Online,5.109994780793319
POL00376,PN-347507,CUST00156,NY,Northeast,Home,Homeowners,Kevin Brown,Laura King,Active,Medium,2026-03-02,2027-02-25,1693.62,937.36,0,0.0,0.0,0.0,Property,No Claim,No Claim,,,Broker,0.0
POL00377,PN-543410,CUST00328,NY,Northeast,Auto,Personal Auto,Susan Johnson,Elizabeth Williams,Expired,Low,2025-06-30,2026-06-25,1394.93,1394.93,0,0.0,0.0,0.0,Personal Injury,No Claim,No Claim,,,Agent,0.0
POL00378,PN-815903,CUST00329,MA,Northeast,Commercial Property,Commercial Property,Ashley Brown,Paul Williams,Active,Medium,2025-10-22,2026-04-20,11390.08,10382.64,0,0.0,0.0,0.0,Property,No Claim,No Claim,,,Agent,0.0
POL00379,PN-365271,CUST00330,MA,Northeast,Home,Homeowners,Carlos Rodriguez,Paul Williams,Cancelled,High,2024-08-30,2025-08-25,2559.6,987.46,0,0.0,0.0,0.0,Liability,No Claim,No Claim,,,Broker,0.0
POL00380,PN-415504,CUST00111,MA,Northeast,Auto,Personal Auto,Sandra Lewis,Elizabeth Williams,Expired,Medium,2025-02-20,2025-08-19,1088.23,1088.23,0,0.0,0.0,0.0,Personal Injury,No Claim,No Claim,,,Online,0.0
POL00381,PN-593975,CUST00331,GA,South,Auto,Personal Auto,David Clark,Brian Lee,Cancelled,High,2024-12-26,2025-12-21,2357.0,1396.93,1,16049.78,13969.95,0.0,Collision,Closed,Collision,2025-07-19,2025-07-25,Broker,11.489323015469637
POL00382,PN-758816,CUST00332,IL,Midwest,Auto,Personal Auto,Sandra Lewis,Edward White,Pending,Medium,2026-02-20,2027-02-15,2130.45,168.87,0,0.0,0.0,0.0,Personal Injury,No Claim,No Claim,,,Direct,0.0
POL00383,PN-870883,CUST00188,TX,South,Home,Homeowners,David Davis,Donna Anderson,Active,Low,2025-01-21,2026-01-16,740.8,491.18,0,0.0,0.0,0.0,Property,No Claim,No Claim,,,Agent,0.0
POL00384,PN-193298,CUST00333,CT,Northeast,Auto,Personal Auto,Angela Allen,Kevin Williams,Active,Low,2024-06-01,2024-11-28,1720.62,1150.59,1,975.52,857.07,0.0,Personal Injury,Closed,Bodily Injury,2024-08-08,2024-08-17,Online,0.8478432804039667
POL00385,PN-882702,CUST00334,PA,Northeast,Home,Homeowners,Ryan Lee,Nancy Martinez,Active,High,2025-03-04,2026-02-27,2321.64,1134.41,1,14906.25,12862.02,0.0,Liability,Closed,Property Damage,2025-10-30,2025-11-03,Online,13.140090443490449
POL00386,PN-438947,CUST00335,MD,South,Commercial Auto,Commercial Auto,Carlos Rodriguez,Maria Harris,Cancelled,Medium,2024-04-07,2024-10-04,3186.25,1378.24,1,3417.05,3059.54,0.0,Liability,Closed,Collision,2024-07-17,2024-08-07,Agent,2.4792851752960297
POL00387,PN-488918,CUST00050,NJ,Northeast,Home,Homeowners,Susan Johnson,Kevin Williams,Expired,Medium,2024-05-15,2024-11-11,1652.69,1652.69,1,6240.92,2749.13,2375.45,Property,Reopened,Fire,2024-09-02,2024-09-11,Direct,3.77621937568449
POL00388,PN-376002,CUST00336,FL,South,Commercial Property,Commercial Property,Jennifer Moore,Mark Miller,Active,Low,2025-05-18,2026-05-13,7261.04,5183.1,0,0.0,0.0,0.0,Property,No Claim,No Claim,,,Online,0.0
POL00389,PN-255840,CUST00151,NJ,Northeast,Home,Homeowners,Sandra Lewis,Elizabeth Williams,Pending,Low,2024-02-11,2025-02-05,1448.26,70.27,0,0.0,0.0,0.0,Property,No Claim,No Claim,,,Direct,0.0
POL00390,PN-229660,CUST00337,CT,Northeast,Commercial Property,Commercial Property,Sandra Lewis,Kevin Williams,Expired,Medium,2025-11-10,2026-11-05,9318.35,9318.35,0,0.0,0.0,0.0,Property,No Claim,No Claim,,,Broker,0.0
POL00391,PN-536646,CUST00338,CT,Northeast,Commercial Auto,Commercial Auto,Paul Thomas,Brian Lee,Active,High,2025-11-27,2026-05-26,7189.38,6601.96,0,0.0,0.0,0.0,Liability,No Claim,No Claim,,,Online,0.0
POL00392,PN-130277,CUST00299,NC,South,Home,Homeowners,Susan Johnson,Angela Thompson,Active,Low,2025-04-08,2026-04-03,2652.56,2359.38,0,0.0,0.0,0.0,Property,No Claim,No Claim,,,Online,0.0
POL00393,PN-321634,CUST00339,FL,South,Home,Homeowners,David Davis,John Walker,Active,Medium,2024-04-04,2025-03-30,1444.94,1157.5,1,4967.78,4704.86,0.0,Property,Closed,Property Damage,2025-03-04,2025-03-08,Online,4.291818574514038
POL00394,PN-226460,CUST00340,FL,South,Home,Homeowners,Linda Williams,Donna Anderson,Active,High,2024-04-08,2025-04-03,2762.61,2418.72,1,19107.07,18000.39,0.0,Property,Closed,Liability,2024-11-16,2024-12-06,Broker,7.899661804590859
POL00395,PN-546711,CUST00089,VA,South,Commercial Property,Commercial Property,Paul Thomas,Edward White,Cancelled,Medium,2025-06-23,2025-12-20,5838.04,4053.49,0,0.0,0.0,0.0,Property,No Claim,No Claim,,,Direct,0.0
POL00396,PN-233997,CUST00341,MA,Northeast,Commercial Auto,Commercial Auto,Jennifer Moore,Jennifer Robinson,Active,Low,2024-02-16,2024-08-14,4877.51,2936.39,0,0.0,0.0,0.0,Collision,No Claim,No Claim,,,Agent,0.0
POL00397,PN-472724,CUST00342,NY,Northeast,Commercial Auto,Commercial Auto,Thomas Brown,Brian Lee,Active,Medium,2025-02-06,2025-08-05,3385.96,1670.87,0,0.0,0.0,0.0,Collision,No Claim,No Claim,,,Online,0.0
POL00398,PN-894143,CUST00343,IL,Midwest,Commercial Auto,Commercial Auto,David Davis,Kevin Williams,Active,Low,2024-09-22,2025-03-21,4172.96,2323.12,1,2609.02,2508.93,0.0,Comprehensive,Closed,Weather,2025-01-24,2025-02-02,Direct,1.123067254382038
POL00399,PN-748543,CUST00344,IL,Midwest,Auto,Personal Auto,Paul Thomas,Maria Harris,Active,High,2024-07-14,2025-01-10,2778.02,1173.28,1,11346.08,10988.7,0.0,Collision,Closed,Liability,2024-08-31,2024-09-02,Agent,9.670394108823128
POL00400,PN-415535,CUST00345,PA,Northeast,Home,Homeowners,Thomas Brown,Brian Lee,Active,Low,2025-05-11,2026-05-06,793.57,363.22,0,0.0,0.0,0.0,Liability,No Claim,No Claim,,,Online,0.0
POL00401,PN-153395,CUST00346,NY,Northeast,Home,Homeowners,Carlos Rodriguez,Jennifer Robinson,Expired,High,2025-09-02,2026-08-28,1346.86,1346.86,2,31670.9,28420.75,0.0,Property,Closed,Liability,2025-10-04,2025-10-12,Online,23.51461918833435
POL00402,PN-779792,CUST00347,NC,South,Auto,Personal Auto,James Robinson,Paul Williams,Active,Low,2026-01-13,2027-01-08,1181.47,744.28,0,0.0,0.0,0.0,Comprehensive,No Claim,No Claim,,,Agent,0.0
POL00403,PN-731347,CUST00348,CA,West,Home,Homeowners,Ashley Brown,Donna Anderson,Active,Medium,2025-11-20,2026-11-15,2829.62,2402.19,0,0.0,0.0,0.0,Liability,No Claim,No Claim,,,Broker,0.0
POL00404,PN-824248,CUST00349,TX,South,Home,Homeowners,Sandra Lewis,Nancy Martinez,Active,Low,2025-05-20,2026-05-15,1194.74,1134.43,0,0.0,0.0,0.0,Liability,No Claim,No Claim,,,Online,0.0
POL00405,PN-474387,CUST00350,PA,Northeast,Commercial Auto,Commercial Auto,Jennifer Moore,John Walker,Active,High,2024-08-20,2025-02-16,8595.24,8130.07,0,0.0,0.0,0.0,Liability,No Claim,No Claim,,,Agent,0.0
POL00406,PN-907503,CUST00351,MA,Northeast,Commercial Property,Commercial Property,Angela Allen,Brian Lee,Expired,Medium,2025-04-13,2025-10-10,12917.55,12917.55,0,0.0,0.0,0.0,Property,No Claim,No Claim,,,Broker,0.0
POL00407,PN-963617,CUST00352,OH,Midwest,Auto,Personal Auto,Kimberly Garcia,Brian Lee,Expired,High,2024-10-26,2025-10-21,2579.46,2579.46,0,0.0,0.0,0.0,Collision,No Claim,No Claim,,,Agent,0.0
POL00408,PN-778526,CUST00353,GA,South,Auto,Personal Auto,Angela Allen,Nancy Martinez,Active,Low,2024-09-08,2025-09-03,1031.01,366.42,0,0.0,0.0,0.0,Personal Injury,No Claim,No Claim,,,Online,0.0
POL00409,PN-478162,CUST00354,CT,Northeast,Auto,Personal Auto,George Wilson,Jennifer Robinson,Active,Medium,2025-02-23,2026-02-18,2239.92,1665.22,0,0.0,0.0,0.0,Personal Injury,No Claim,No Claim,,,Broker,0.0
POL00410,PN-252656,CUST00355,CA,West,Commercial Auto,Commercial Auto,John Davis,Maria Lewis,Active,Low,2025-03-20,2025-09-16,3979.48,3580.09,1,2591.42,2417.9,0.0,Collision,Closed,Bodily Injury,2025-06-05,2025-06-15,Online,0.7238421380468089
POL00411,PN-460875,CUST00209,OH,Midwest,Home,Homeowners,Ashley Brown,Maria Harris,Active,Low,2026-03-18,2027-03-13,2134.66,1724.84,0,0.0,0.0,0.0,Property,No Claim,No Claim,,,Broker,0.0
POL00412,PN-416178,CUST00156,VA,South,Auto,Personal Auto,Michael Miller,Linda Wright,Active,Medium,2025-06-07,2026-06-02,1620.1,654.55,2,12678.22,12653.41,0.0,Comprehensive,Closed,Weather,2025-08-02,2025-08-03,Agent,19.369368268275917
POL00413,PN-982464,CUST00356,TX,South,Home,Homeowners,Jennifer Jones,John Walker,Expired,Medium,2025-08-09,2026-02-05,2094.42,2094.42,0,0.0,0.0,0.0,Property,No Claim,No Claim,,,Broker,0.0
POL00414,PN-467355,CUST00357,TX,South,Commercial Auto,Commercial Auto,Carlos Rodriguez,Linda Wright,Active,Medium,2024-12-01,2025-11-26,8057.98,2930.62,0,0.0,0.0,0.0,Collision,No Claim,No Claim,,,Agent,0.0
POL00415,PN-185927,CUST00326,PA,Northeast,Home,Homeowners,Thomas Clark,Maria Lewis,Active,Low,2025-06-15,2026-06-10,2352.86,1679.24,0,0.0,0.0,0.0,Liability,No Claim,No Claim,,,Broker,0.0
POL00416,PN-867260,CUST00358,GA,South,Auto,Personal Auto,Jennifer Moore,Linda Wright,Active,Medium,2025-06-09,2025-12-06,1815.75,583.21,1,1768.87,1580.38,0.0,Personal Injury,Closed,Collision,2025-10-20,2025-10-24,Direct,3.0329898321359368
POL00417,PN-223461,CUST00359,VA,South,Auto,Personal Auto,Nancy Thomas,Angela Thompson,Active,Medium,2024-02-19,2025-02-13,2038.1,1696.58,0,0.0,0.0,0.0,Liability,No Claim,No Claim,,,Broker,0.0
POL00418,PN-674134,CUST00360,GA,South,Auto,Personal Auto,Nancy Thomas,Donna Anderson,Expired,Medium,2025-05-01,2026-04-26,1936.55,1936.55,0,0.0,0.0,0.0,Personal Injury,No Claim,No Claim,,,Online,0.0
POL00419,PN-799631,CUST00361,GA,South,Commercial Auto,Commercial Auto,John Davis,Jennifer Robinson,Expired,Low,2024-02-16,2025-02-10,6335.46,6335.46,0,0.0,0.0,0.0,Comprehensive,No Claim,No Claim,,,Agent,0.0
POL00420,PN-126008,CUST00362,FL,South,Commercial Auto,Commercial Auto,James Williams,Brian Lee,Active,Medium,2025-07-08,2026-01-04,9190.4,7240.78,0,0.0,0.0,0.0,Liability,No Claim,No Claim,,,Direct,0.0
POL00421,PN-226126,CUST00363,OH,Midwest,Auto,Personal Auto,Thomas Brown,Laura King,Active,Medium,2025-08-16,2026-08-11,872.98,443.72,0,0.0,0.0,0.0,Personal Injury,No Claim,No Claim,,,Online,0.0
POL00422,PN-124393,CUST00364,PA,Northeast,Home,Homeowners,Angela Allen,Mark Miller,Active,Low,2025-07-08,2026-07-03,1209.65,966.99,3,6411.54,1250.06,4108.6,Property,Open,Property Damage,2026-02-04,2026-02-14,Direct,6.6304098284366955
POL00423,PN-370463,CUST00365,GA,South,Commercial Property,Commercial Property,James Lewis,Nancy Martinez,Active,Low,2025-06-04,2026-05-30,9450.36,4790.56,0,0.0,0.0,0.0,Property,No Claim,No Claim,,,Agent,0.0
POL00424,PN-607690,CUST00354,CT,Northeast,Commercial Property,Commercial Property,Thomas Brown,Laura King,Active,Medium,2026-02-20,2027-02-15,5938.64,2105.49,0,0.0,0.0,0.0,Property,No Claim,No Claim,,,Agent,0.0
POL00425,PN-920910,CUST00366,VA,South,Home,Homeowners,Sandra Lewis,Edward White,Active,Medium,2025-04-07,2025-10-04,941.85,790.3,3,24655.95,22363.51,0.0,Property,Closed,Fire,2025-07-05,2025-07-25,Direct,31.198215867392133
POL00426,PN-323088,CUST00367,OH,Midwest,Auto,Personal Auto,Sandra Lewis,Maria Lewis,Active,Low,2024-05-23,2025-05-18,1635.47,1027.29,0,0.0,0.0,0.0,Comprehensive,No Claim,No Claim,,,Agent,0.0
POL00427,PN-766023,CUST00368,FL,South,Commercial Auto,Commercial Auto,Susan Johnson,Edward White,Active,Medium,2025-09-05,2026-08-31,2817.24,2028.94,1,2495.66,2382.04,0.0,Comprehensive,Closed,Collision,2026-05-13,2026-05-25,Agent,1.2300314449909804
POL00428,PN-664271,CUST00079,TX,South,Auto,Personal Auto,Thomas Brown,Elizabeth Williams,Active,Medium,2025-09-07,2026-09-02,1417.07,1172.93,0,0.0,0.0,0.0,Liability,No Claim,No Claim,,,Direct,0.0
POL00429,PN-585168,CUST00369,CT,Northeast,Home,Homeowners,Robert Perez,Angela Thompson,Cancelled,Medium,2024-07-15,2025-01-11,2799.9,1778.07,3,23260.67,2280.56,19854.26,Property,Open,Weather,2024-10-24,2024-10-27,Online,13.081976525108685
POL00430,PN-390819,CUST00370,NC,South,Auto,Personal Auto,Ryan Lee,Kevin Williams,Active,Low,2024-09-22,2025-09-17,1781.21,851.98,0,0.0,0.0,0.0,Liability,No Claim,No Claim,,,Agent,0.0
POL00431,PN-826648,CUST00371,IL,Midwest,Auto,Personal Auto,Mark Rodriguez,Elizabeth Williams,Active,Low,2025-10-27,2026-04-25,1635.99,1388.66,0,0.0,0.0,0.0,Liability,No Claim,No Claim,,,Online,0.0
POL00432,PN-813213,CUST00372,NC,South,Auto,Personal Auto,George Wilson,John Walker,Active,High,2025-03-06,2026-03-01,1615.66,836.2,0,0.0,0.0,0.0,Liability,No Claim,No Claim,,,Agent,0.0
POL00433,PN-873266,CUST00373,CA,West,Home,Homeowners,John Davis,Edward White,Active,Low,2025-10-02,2026-03-31,805.88,254.35,0,0.0,0.0,0.0,Liability,No Claim,No Claim,,,Agent,0.0
POL00434,PN-981336,CUST00374,NY,Northeast,Home,Homeowners,David Davis,John Walker,Active,High,2024-03-15,2025-03-10,3576.77,2419.0,1,8381.36,7205.91,0.0,Liability,Closed,Fire,2024-05-19,2024-05-20,Agent,3.464803637866887
POL00435,PN-941363,CUST00375,MA,Northeast,Home,Homeowners,David Clark,Maria Lewis,Active,Low,2025-01-25,2026-01-20,973.79,439.69,0,0.0,0.0,0.0,Property,No Claim,No Claim,,,Agent,0.0
POL00436,PN-575436,CUST00376,FL,South,Home,Homeowners,James Robinson,Brian Lee,Expired,Low,2025-04-09,2026-04-04,1700.46,1700.46,2,5693.8,5458.61,0.0,Property,Closed,Property Damage,2025-11-22,2025-11-27,Online,3.348388083224539
POL00437,PN-354963,CUST00052,NJ,Northeast,Auto,Personal Auto,Kimberly Allen,Jennifer Robinson,Cancelled,Medium,2025-08-20,2026-08-15,937.56,333.53,1,1159.15,1130.49,0.0,Collision,Closed,Weather,2025-09-16,2025-09-29,Broker,3.4753995142865715
POL00438,PN-460517,CUST00377,CT,Northeast,Home,Homeowners,Ryan Lee,Maria Lewis,Cancelled,Low,2025-04-23,2026-04-18,2310.01,811.73,0,0.0,0.0,0.0,Liability,No Claim,No Claim,,,Online,0.0
POL00439,PN-270162,CUST00136,NC,South,Auto,Personal Auto,Thomas Brown,Edward White,Active,Medium,2025-05-07,2026-05-02,1966.62,1101.71,0,0.0,0.0,0.0,Liability,No Claim,No Claim,,,Agent,0.0
POL00440,PN-480441,CUST00242,NJ,Northeast,Home,Homeowners,Ashley Brown,Donna Anderson,Cancelled,Low,2025-01-03,2025-07-02,2385.29,764.39,1,5130.94,502.8,3484.17,Liability,Open,Property Damage,2025-03-11,2025-03-14,Direct,6.712463533013252
POL00441,PN-122013,CUST00378,PA,Northeast,Auto,Personal Auto,Linda Williams,Brian Lee,Active,Low,2025-01-13,2026-01-08,1539.14,1439.27,0,0.0,0.0,0.0,Personal Injury,No Claim,No Claim,,,Broker,0.0
POL00442,PN-845476,CUST00267,PA,Northeast,Commercial Auto,Commercial Auto,Ryan Lee,Maria Harris,Active,Medium,2025-10-13,2026-10-08,9286.01,6330.85,0,0.0,0.0,0.0,Collision,No Claim,No Claim,,,Broker,0.0
POL00443,PN-927942,CUST00364,NJ,Northeast,Home,Homeowners,Susan Johnson,Linda Wright,Pending,High,2024-08-02,2025-01-29,3732.99,229.54,0,0.0,0.0,0.0,Liability,No Claim,No Claim,,,Direct,0.0
POL00444,PN-887803,CUST00379,FL,South,Home,Homeowners,Nancy Thomas,Elizabeth Williams,Cancelled,Low,2025-05-09,2026-05-04,1631.58,869.41,0,0.0,0.0,0.0,Property,No Claim,No Claim,,,Broker,0.0
POL00445,PN-317264,CUST00380,CT,Northeast,Home,Homeowners,Robert Perez,Maria Harris,Active,Low,2024-06-09,2025-06-04,1138.32,897.63,0,0.0,0.0,0.0,Liability,No Claim,No Claim,,,Broker,0.0
POL00446,PN-341358,CUST00381,NC,South,Home,Homeowners,David Davis,Jennifer Robinson,Active,Medium,2025-05-24,2026-05-19,1429.37,839.18,1,10189.94,9645.27,0.0,Liability,Closed,Fire,2025-10-12,2025-10-19,Broker,12.142734574227223
POL00447,PN-203189,CUST00355,NJ,Northeast,Home,Homeowners,David Davis,Nancy Martinez,Active,Medium,2026-02-25,2027-02-20,1388.09,540.82,0,0.0,0.0,0.0,Liability,No Claim,No Claim,,,Online,0.0
POL00448,PN-108948,CUST00382,MA,Northeast,Commercial Auto,Commercial Auto,Linda Williams,Maria Harris,Expired,High,2024-01-13,2025-01-07,10192.19,10192.19,0,0.0,0.0,0.0,Collision,No Claim,No Claim,,,Online,0.0
POL00449,PN-338633,CUST00383,CA,West,Auto,Personal Auto,Robert Perez,Elizabeth Williams,Active,Medium,2024-11-16,2025-11-11,1510.07,863.0,0,0.0,0.0,0.0,Liability,No Claim,No Claim,,,Online,0.0
POL00450,PN-492901,CUST00215,MA,Northeast,Commercial Property,Commercial Property,Thomas Brown,Donna Davis,Expired,High,2025-03-05,2026-02-28,12642.08,12642.08,0,0.0,0.0,0.0,Liability,No Claim,No Claim,,,Agent,0.0
POL00451,PN-441919,CUST00384,IL,Midwest,Commercial Auto,Commercial Auto,Ashley Brown,Linda Wright,Pending,High,2026-03-29,2027-03-24,11831.78,462.19,0,0.0,0.0,0.0,Liability,No Claim,No Claim,,,Broker,0.0
POL00452,PN-597840,CUST00159,NC,South,Home,Homeowners,James Williams,Maria Lewis,Cancelled,Low,2025-12-06,2026-12-01,773.76,539.16,0,0.0,0.0,0.0,Property,No Claim,No Claim,,,Agent,0.0
POL00453,PN-344359,CUST00385,OH,Midwest,Auto,Personal Auto,James Lewis,Paul Williams,Active,Medium,2025-02-24,2026-02-19,921.15,597.54,0,0.0,0.0,0.0,Liability,No Claim,No Claim,,,Direct,0.0
POL00454,PN-507888,CUST00386,GA,South,Auto,Personal Auto,Angela Allen,Nancy Martinez,Expired,Low,2024-06-11,2025-06-06,1344.58,1344.58,0,0.0,0.0,0.0,Comprehensive,No Claim,No Claim,,,Online,0.0
POL00455,PN-311500,CUST00370,NC,South,Auto,Personal Auto,James Lee,Edward White,Expired,Medium,2025-04-16,2026-04-11,1704.77,1704.77,2,17237.59,5283.56,11272.6,Comprehensive,Open,Bodily Injury,2025-07-14,2025-07-27,Direct,10.11138745989195
POL00456,PN-361236,CUST00387,IL,Midwest,Commercial Auto,Commercial Auto,Thomas Clark,Maria Harris,Active,High,2025-02-06,2025-08-05,6018.05,2876.35,0,0.0,0.0,0.0,Collision,No Claim,No Claim,,,Broker,0.0
POL00457,PN-799040,CUST00388,CA,West,Commercial Auto,Commercial Auto,Ryan Lee,Donna Davis,Cancelled,Low,2025-01-12,2025-07-11,6303.0,3893.4,0,0.0,0.0,0.0,Liability,No Claim,No Claim,,,Agent,0.0
POL00458,PN-365045,CUST00389,NJ,Northeast,Home,Homeowners,John Davis,Elizabeth Williams,Cancelled,Low,2025-02-10,2025-08-09,735.82,515.28,0,0.0,0.0,0.0,Liability,No Claim,No Claim,,,Direct,0.0
POL00459,PN-608306,CUST00390,NY,Northeast,Home,Homeowners,Robert Perez,Elizabeth Williams,Expired,Low,2024-06-23,2024-12-20,1753.02,1753.02,2,4490.84,989.46,2637.88,Property,Open,Property Damage,2024-07-01,2024-07-22,Direct,2.5617733967667227
POL00460,PN-658155,CUST00391,CA,West,Auto,Personal Auto,Kimberly Garcia,Brian Lee,Active,Low,2024-01-05,2024-07-03,1647.34,1488.76,0,0.0,0.0,0.0,Collision,No Claim,No Claim,,,Agent,0.0
POL00461,PN-309700,CUST00347,NJ,Northeast,Commercial Property,Commercial Property,David Davis,Nancy Martinez,Active,Medium,2024-04-08,2025-04-03,9262.92,5864.59,0,0.0,0.0,0.0,Liability,No Claim,No Claim,,,Direct,0.0
POL00462,PN-689356,CUST00392,IL,Midwest,Auto,Personal Auto,Mark Rodriguez,Maria Harris,Active,High,2024-12-31,2025-12-26,1323.55,669.13,1,16528.67,14216.3,0.0,Comprehensive,Closed,Collision,2025-04-21,2025-05-04,Agent,24.7017320998909
POL00463,PN-416181,CUST00393,NC,South,Commercial Property,Commercial Property,Jennifer Jones,Kevin Williams,Active,Low,2025-10-08,2026-10-03,8320.61,6248.1,0,0.0,0.0,0.0,Liability,No Claim,No Claim,,,Agent,0.0
POL00464,PN-992919,CUST00394,NY,Northeast,Auto,Personal Auto,James Robinson,Elizabeth Williams,Cancelled,Low,2025-08-24,2026-02-20,908.17,624.88,0,0.0,0.0,0.0,Personal Injury,No Claim,No Claim,,,Agent,0.0
POL00465,PN-894029,CUST00395,NY,Northeast,Auto,Personal Auto,Steven Thompson,Donna Davis,Active,Low,2024-02-08,2025-02-02,1800.16,1646.82,0,0.0,0.0,0.0,Comprehensive,No Claim,No Claim,,,Agent,0.0
POL00466,PN-240789,CUST00396,TX,South,Commercial Auto,Commercial Auto,James Lewis,Jennifer Robinson,Active,Medium,2026-01-20,2027-01-15,4730.46,1585.4,0,0.0,0.0,0.0,Liability,No Claim,No Claim,,,Agent,0.0
POL00467,PN-940383,CUST00397,CA,West,Auto,Personal Auto,Angela Allen,Maria Harris,Active,Medium,2024-03-07,2025-03-02,803.64,572.46,1,7315.25,7240.43,0.0,Collision,Closed,Collision,2024-07-05,2024-07-21,Online,12.778622087132725
POL00468,PN-181961,CUST00398,NC,South,Auto,Personal Auto,Michael Miller,Nancy Martinez,Active,Low,2024-10-19,2025-10-14,1741.48,1498.68,0,0.0,0.0,0.0,Comprehensive,No Claim,No Claim,,,Agent,0.0
POL00469,PN-517589,CUST00399,NC,South,Home,Homeowners,Jennifer Moore,Jennifer Robinson,Expired,Medium,2024-01-21,2025-01-15,1761.55,1761.55,0,0.0,0.0,0.0,Liability,No Claim,No Claim,,,Online,0.0
POL00470,PN-724094,CUST00400,OH,Midwest,Commercial Auto,Commercial Auto,Susan Johnson,Maria Harris,Active,Medium,2025-09-12,2026-09-07,2934.84,1775.63,1,8899.24,8104.39,0.0,Comprehensive,Closed,Collision,2026-04-12,2026-04-24,Broker,5.011877474473848
POL00471,PN-878246,CUST00401,NC,South,Auto,Personal Auto,Kimberly Allen,Maria Lewis,Active,Low,2025-01-29,2026-01-24,834.05,388.6,0,0.0,0.0,0.0,Comprehensive,No Claim,No Claim,,,Direct,0.0
POL00472,PN-634363,CUST00402,TX,South,Commercial Auto,Commercial Auto,Carlos Rodriguez,John Walker,Expired,Medium,2024-09-05,2025-08-31,3003.83,3003.83,0,0.0,0.0,0.0,Comprehensive,No Claim,No Claim,,,Online,0.0
POL00473,PN-129628,CUST00403,TX,South,Auto,Personal Auto,James Robinson,Elizabeth Williams,Active,High,2025-08-15,2026-08-10,1049.52,754.46,0,0.0,0.0,0.0,Personal Injury,No Claim,No Claim,,,Agent,0.0
POL00474,PN-840367,CUST00404,NY,Northeast,Home,Homeowners,Ryan Lee,Jennifer Robinson,Active,Low,2025-05-27,2026-05-22,1878.94,1482.67,0,0.0,0.0,0.0,Property,No Claim,No Claim,,,Online,0.0
POL00475,PN-214582,CUST00405,FL,South,Commercial Auto,Commercial Auto,Kevin Brown,Linda Wright,Active,Low,2025-12-16,2026-12-11,2045.85,1267.65,2,4619.54,4048.84,0.0,Comprehensive,Closed,Weather,2026-02-01,2026-02-05,Online,3.6441762316096713
POL00476,PN-307639,CUST00406,OH,Midwest,Commercial Property,Commercial Property,Thomas Clark,Nancy Martinez,Active,Low,2026-02-16,2027-02-11,4825.87,2730.07,0,0.0,0.0,0.0,Property,No Claim,No Claim,,,Agent,0.0
POL00477,PN-767349,CUST00407,MA,Northeast,Auto,Personal Auto,Jennifer Jones,Laura King,Active,Low,2025-05-11,2025-11-07,584.4,538.17,0,0.0,0.0,0.0,Liability,No Claim,No Claim,,,Agent,0.0
POL00478,PN-201546,CUST00408,FL,South,Auto,Personal Auto,James Robinson,Laura King,Active,High,2025-03-15,2026-03-10,1868.43,1774.33,0,0.0,0.0,0.0,Comprehensive,No Claim,No Claim,,,Agent,0.0
POL00479,PN-797385,CUST00409,IL,Midwest,Auto,Personal Auto,Steven Thompson,Mark Miller,Active,High,2025-02-15,2026-02-10,971.54,626.55,0,0.0,0.0,0.0,Collision,No Claim,No Claim,,,Direct,0.0
POL00480,PN-486326,CUST00410,TX,South,Home,Homeowners,Nancy Thomas,Jennifer Robinson,Active,Medium,2024-11-25,2025-05-24,2482.44,2309.26,0,0.0,0.0,0.0,Liability,No Claim,No Claim,,,Online,0.0
POL00481,PN-344903,CUST00411,MD,South,Commercial Auto,Commercial Auto,Linda Williams,Maria Lewis,Expired,Low,2025-05-02,2025-10-29,5977.99,5977.99,1,3138.17,1306.03,1830.11,Liability,Open,Collision,2025-08-29,2025-09-03,Direct,0.524954039735764
POL00482,PN-567965,CUST00412,NC,South,Home,Homeowners,Robert Perez,Edward White,Cancelled,Low,2024-04-01,2024-09-28,1594.49,392.47,0,0.0,0.0,0.0,Liability,No Claim,No Claim,,,Online,0.0
POL00483,PN-903533,CUST00413,CA,West,Auto,Personal Auto,Nancy Thomas,Brian Lee,Expired,Medium,2025-05-18,2025-11-14,1934.79,1934.79,1,7905.85,7570.77,0.0,Liability,Closed,Weather,2025-08-23,2025-09-12,Online,4.08615405289463
POL00484,PN-773292,CUST00414,GA,South,Home,Homeowners,Robert Perez,Edward White,Active,Low,2024-12-14,2025-12-09,1965.51,1059.47,0,0.0,0.0,0.0,Liability,No Claim,No Claim,,,Agent,0.0
POL00485,PN-704941,CUST00415,MA,Northeast,Auto,Personal Auto,Mark Rodriguez,Nancy Martinez,Pending,High,2025-01-08,2026-01-03,2105.16,46.76,0,0.0,0.0,0.0,Personal Injury,No Claim,No Claim,,,Agent,0.0
POL00486,PN-431272,CUST00093,GA,South,Auto,Personal Auto,Paul Thomas,Elizabeth Williams,Active,Low,2026-03-31,2026-09-27,1317.03,1242.9,3,7388.18,2433.71,4484.32,Personal Injury,Reopened,Weather,2026-04-19,2026-04-25,Online,5.944307667551693
POL00487,PN-989265,CUST00416,FL,South,Auto,Personal Auto,Michael Miller,John Walker,Expired,High,2026-01-14,2027-01-09,1689.17,1689.17,0,0.0,0.0,0.0,Collision,No Claim,No Claim,,,Direct,0.0
POL00488,PN-122613,CUST00417,VA,South,Home,Homeowners,Nancy Thomas,Paul Williams,Active,Medium,2024-10-16,2025-10-11,2359.5,2021.06,1,5761.62,396.29,4875.94,Liability,Open,Fire,2025-03-14,2025-03-18,Broker,2.8507911689905296
POL00489,PN-319955,CUST00418,CA,West,Auto,Personal Auto,Kimberly Garcia,Angela Thompson,Expired,Low,2026-03-15,2027-03-10,1158.14,1158.14,0,0.0,0.0,0.0,Collision,No Claim,No Claim,,,Agent,0.0
POL00490,PN-159067,CUST00270,PA,Northeast,Commercial Property,Commercial Property,Jennifer Jones,Mark Miller,Pending,Medium,2025-02-17,2026-02-12,3327.3,162.58,0,0.0,0.0,0.0,Property,No Claim,No Claim,,,Online,0.0
POL00491,PN-784507,CUST00419,FL,South,Commercial Auto,Commercial Auto,Linda Williams,Maria Lewis,Expired,Medium,2024-10-08,2025-10-03,4819.96,4819.96,1,7248.78,3912.52,2825.35,Liability,Reopened,Liability,2024-11-25,2024-12-13,Online,1.5039087461306733
POL00492,PN-289893,CUST00420,TX,South,Commercial Auto,Commercial Auto,James Williams,Linda Wright,Active,Low,2026-03-25,2027-03-20,4504.63,2504.43,0,0.0,0.0,0.0,Comprehensive,No Claim,No Claim,,,Direct,0.0
POL00493,PN-612295,CUST00350,OH,Midwest,Commercial Auto,Commercial Auto,Linda Williams,Brian Lee,Active,Medium,2024-04-30,2025-04-25,8773.92,2662.54,0,0.0,0.0,0.0,Collision,No Claim,No Claim,,,Online,0.0
POL00494,PN-229022,CUST00399,CT,Northeast,Home,Homeowners,John Davis,Laura King,Active,High,2025-06-02,2026-05-28,2345.42,1348.58,0,0.0,0.0,0.0,Property,No Claim,No Claim,,,Direct,0.0
POL00495,PN-360400,CUST00421,OH,Midwest,Commercial Property,Commercial Property,James Williams,Elizabeth Williams,Active,Low,2024-12-26,2025-12-21,8015.94,2637.87,1,3732.22,670.06,2261.55,Property,Open,Property Damage,2025-11-09,2025-11-22,Agent,1.414861232737019
POL00496,PN-177971,CUST00422,MA,Northeast,Auto,Personal Auto,Sandra Lewis,Maria Harris,Expired,Medium,2025-12-12,2026-12-07,1470.55,1470.55,0,0.0,0.0,0.0,Collision,No Claim,No Claim,,,Online,0.0
POL00497,PN-849149,CUST00423,TX,South,Home,Homeowners,Jennifer Moore,Kevin Williams,Active,Low,2025-03-20,2026-03-15,824.7,288.97,1,2177.34,989.87,1108.41,Property,Open,Liability,2025-06-02,2025-06-09,Direct,7.53483060525314
POL00498,PN-386939,CUST00063,CT,Northeast,Auto,Personal Auto,Jennifer Jones,Brian Lee,Cancelled,Low,2025-05-16,2025-11-12,1310.14,876.8,0,0.0,0.0,0.0,Liability,No Claim,No Claim,,,Agent,0.0
POL00499,PN-150293,CUST00424,FL,South,Auto,Personal Auto,Steven Thompson,Maria Harris,Active,Medium,2025-06-09,2026-06-04,1669.43,1116.71,2,13609.28,12463.98,0.0,Collision,Closed,Theft,2025-12-07,2025-12-21,Agent,12.1869419992657
POL00500,PN-626625,CUST00425,MD,South,Home,Homeowners,Carlos Rodriguez,Edward White,Expired,Low,2025-02-20,2026-02-15,2322.76,2322.76,1,3579.31,511.57,3002.94,Property,Open,Fire,2025-02-25,2025-03-10,Direct,1.5409728082109213
